name,date,content,score
최정은,20221104,[ win55 ] 다른 기능들은 다 만족하며 사용 중인데 마이페이지 UI도 기존 것이 더 좋았었다는 점 과 알림음 기능 단순화로 인해 이어폰 끼고 있을 때에는 알림음이 지나치게 작게 들리다 이어폰을 빼고 들을 때에는 알림음이 지나치게 크게 들리는 현상이 있네요 저만 그러지는 모르겠으나 제 사운드 세팅은 다른 알림음들은 그러진 않는데 유독 배민커낵트 앱 알림음만 그러네요... 차라리 업데이드 이전이 좋았던 것 같습니다,5
jy p,20221104,"배민1 개선좀 해주세요, 주문을 잘못해서 취소를 하려해도 취소가 안돼요 1.소비자가 주문 하고 가게에서 접수 하면 취소가 안됩니다. >이 내용은 맞다고 생각합니다. 다만, 주문 하자마자 3-5초 내로는 취소할 수 있도록 해야하는것 아닌가요? 주문버튼 잘못 눌러 취소 하려고 했는데, 주문 넣자마자 접수 되어 취소 못하게 하는게 맞는건가요..? 2.가게 전화번호를 알 수 없고 전화도 할 수 없습니다. >고객센터에선 이미 이를 인지 하고 있더라고요 1번과 같은 내용으로 취소 요청드리려고 바로 전화하려 했으나 번호를 찾지 못해서 전화연결이 늦어졌습니다. 고객센터로 전화하니 상담원 연결도 좀 걸리더라구요, 연결 되자마자 요청 드렸더니 이미 조리 들어간 상태라 취소 어렵다고 하네요, 그럼 전화 연결 바로 할 수 있도록 가게 전화를 연결 시켜두든가 일정 시간 내로 주문취소 할 수 있도록 하든가 해야하는거 아닌가요? 결국 억지로 배달받아 먹었는데 기분이 별로 안좋네요 앞으로 배민 안쓰고싶네요",1
Jhwan,20221101,"얘들 가만보면 아주 배가 불러서 오래전부터 사람들이 기능들 중 불편하다고 호소해온것들 개선점들 말한것들 다 무시하는듯. 답변도 무슨 알바쓰는건지 다 해당 기능은 제공되고 있지 않습니다. 이런 식의 답변인데 아니 누가 그 기능이 있는지 없는지 물어봤나요? 개선해달라고 요청한거지. 개선하도록 노력하겠다는 식의 말, 형식적일뿐인 일단덮고 얼버무리는 말일 뿐이죠. 언제까지 그렇게 고객들 무시하면서 장사하시려는지",1
Jim B,20221010,"혹시 [주문내역]에서 검색하기 기능을 넣어주실 수 있으시다면 꼭 부탁드립니다. 그때 그 집!! 하면서 찾고 싶은데 스크롤을 아무리 내려도 오래전에 먹었던 건 찾기 힘들고, 개선이 된다면 정말 편리할 것 같아서 남겨봅니다. 그리고 함께 주문하기 기능 신기합니다. 유용하게 사용할 것 같아요. 늘 편리한 앱을 위해 업데이트 해주셔서 감사합니다.",5
애기햄지,20220904,"안녕하세요. 몇 년간 어플을 잘 사용하고 있는 유저입니다. 그런데 어플을 꽤 오래 사용하다보니 조금 불편한게 생겼습니다. 배달을 자주 시켜먹다보니 많은 가게들을 찜해놓게 됐는데, 찜한 가게가 많이 쌓이다보니 제가 원하는 가게를 찾기가 조금 번거롭습니다. 원하는 가게를 찾기 위해서는 스크롤을 하염없이 내려야합니다. 내가 찜한가게 내에 검색기능이나, 아니면 카테고리를 분류해서 볼 수 있는 기능이 추가된다면 사용하기에 조금 더 편리할 것 같습니다. 그리고, 찜한 가게를 선택해서 한 번에 여러개 해제할 수 있는 기능도 있으면 좋겠습니다. 찜해놓은 가게들 중 일부가 폐업 등의 이유로 주문이 불가하게 됐는데, 목록에서 자동으로 삭제가 되지 않고 남아있더라구요. 그런데 한 번 찜을 해제할 때마다 자꾸 목록이 맨 위로 올라가는 바람에 여간 번거로운게 아닙니다ㅠㅠ 목록이 보고있는 페이지가 고정되거나, 혹은 선택 삭제를 할 수 있는 기능이 있으면 좋을 것 같습니다. 감사합니다.",5
부림자리토씨,20220903,1. 메뉴별로 리뷰를 볼 수 있는 기능이 있으면 좋겠습니다. 내가 시키려는 메뉴가 맛있는지 바로 확인이 안되어 불편합니다. 2. 리뷰창에서 제가 쓴 리뷰만 골라 볼 수 있으면 좋겠습니다. 맛있게 먹었던 집이었는지 기억이 잘 안나는 경우가 많아요. 3. 리뷰를 작성하고 확인 버튼이 안보입니다. 이게 전에 개선이 된 것 같았는데 또 그러네요. 사진첨부를 클릭했다가 다시 돌아와야만 확인버튼이 보입니다. 리뷰 쓸때마다 너무 불편합니다. Lg 벨벳 사용자입니다.,4
윤챠R,20220909,배민 자주 사용하고 있습니다.덕분에 맛있는것도 많이 먹고 감사합니다.그러나 물품수량이 한정된 가게의 물품을 시킬경우 다 떨어졌거나 이미 있는데도 배민에는 없다고 나오는 경우가 있습니다.그래서 가게 상황을 빠르게 파악하여 있는 물품은 있게 없는건 없게 빠르게 알려주시면 좋겠습니다.감사합니다,3
이성우,20220920,주문자가 진상이거나 배짱장사를 하는경우도 있지만 배달기사가 문제인경우도 많은데 배달기사에게 피해받은 사람은 해당 음식점 리뷰에서 별점을 깍게됩니다. 배달기사에 대한 평가도 가능하게 개선 해주실수없는지요. 별점 주는건 아니더라도  해당 배달기사에게 다음부터 배달 안받기  같은 기능이라도 추가해주시면 좋을거같네요.,4
김현도,20220928,[ 2G9PJMGU ] 매번 주문 할때 배달의 민족만 이용합니다. 편리하고 유용하며 간편하고 정말 만족 하면서 사용하고 있어요. 할인 쿠폰도 자주 날라와서 항상 기분좋게 사용하고 있네요. 다른 배달 어플보다 훨씬 훌륭하고 유용하게 사용하고 있어요. 앞으로도 계속해서 이용하고 싶어요. 정말 좋은 어플 만들어 주셔서 너무나 감사 드립니다^^ 집에서 요리하기 싫은 날엔 배달 음식 시키면 너무 편하고 행복 합니다~ 앞으로 더욱더 발전하는 배민이 되길 기원합니다..,5
딸기쿠키스무디,20221002,배민 잘 이용하고 있습니다. 그런데 한가지 불편한 점이 있네요. 음식점 목록을 보면 제가 있는 곳의 주소로 절대 오지않는 음식점들도 목록에 뜨는게 싫어요. 시키고 싶어도 시킬 수가 없는 곳이니 말이죠. 이런 문제때문에 배달 오지 않는 음식점을 목록에서 지울 수 있는 기능도 있었으면 합니다.,5
멍멍멍,20220602,"1. 메뉴 선택란에서 해당 메뉴를 주문한 사람의 리뷰를 볼 수 있는 기능이 있었으면 좋겠습니다. 주문하기 전 특정 메뉴에 대한 리뷰를 보고 싶은데 직접 리뷰란을 스크롤하면서 찾기 너무 번거롭고 불편합니다. 다른 배달앱인 요*요에는 예전부터 있었던 굉장히 유용한 기능인데 배민에도 생겼으면 좋겠습니다. 2. 배달팁 낮은순 정렬 시스템이 개선되었으면 좋겠습니다. 배달팁이 저렴한 곳을 찾고 싶어서 그 기능을 사용하는건데 배달팁이 500~1000원인 가게보다 0~5000원인 가게가 더 먼저 뜹니다. 근데 5만원 이상 주문시 0원, 그 이하는 5000원 이러는 가게가 너무 많다보니 짜증이 안 날 수가 없습니다… 그냥 단순히 최소 배달팁 순으로 정렬되는 것이 아니라 직접 원하는 배달팁의 범위를 설정하는 식으로 개선되면 좋을 것 같습니다.",4
YJ Kang,20220810,"작년까지 잘 사용하다가, 최근들어 다시 사용하게 되었는데 배달이 왜 항상 늦는건가요? 배민1로 시키는데 항상 늦고, 거기에 대한 쿠폰도 주는게 없네요. 예전에는 배달이 늦을경우 쿠폰을 줬던걸로 기억하는데.. 이럴거면 왜 돈을 더 내고 배민1로 시키는지 모르겠네요. 최근 시킨 배민1 5주문중 4건이 늦었습니다 ㅡㅡ. 30분 이상 늦는 경우도 많네요. 배달료는 오르고, 거기에 대한 서비스 품질은 오히려 바닥치고있네요 ㅡㅡ",1
최혜원,20220815,"잘 사용하고 있습니다 :) 다만, 배달주문 후 60분 이상 걸리는 곳은 주문접수 완료 안내 문자가 온 뒤 5분 이내로 취소 할 수 있는 기능이 잇었으면 좋겠습니다. 아니면 60분 이상 소요 시 자동취소되는 설정이 잇었으면 좋을 것 같습니다 얼마 전 주문 후 80분 걸린다고 하여 일정 상 먹을 시간이 많이 부족 할 것 같아서 취소하려고 가게에 직접 전화를 걸었는데 몇 번이나 전화를 했는데도 불구하고 끝까지 전화를 받지 않아서.... 결국 취소도 못하고 음식을 받게되어 맛만 겨우 보고는 처리했었는데 얼마나 아깝고 속상했는지ㅠㅠ 그래서 위 내용과 같이 전화를 직접하지 않아도 취소기능이 있었으면 정말 좋을 것 같아요!",4
조시월,20220521,요*요 사용했다가 넘어와서 배민에 정착한 이용자입니다. 저는 나름 만족하면서 정말 잘 사용하고 있지만 몇가지가 너무 불편해서 이렇게 적어봅니다. 메뉴를 클릭했을때 해당 메뉴의 리뷰를 볼 수 있는 기능이 없어서 너무 불편합니다. 리뷰에 들어가서 어떤지 일일히 확인하는게 불편해요 ㅠㅠ 그리고 음식 카테고리에  전체  를 넣어주셨으면 좋겠습니다. 배민 잘 사용하고 있습니다. 유저들의 불편사항을 개선하고 잘 들어주었으면 하는 작은 바램으로 짧게나마 글을 적습니다. 일 화이팅 하세요~,5
치이,20220725,"배달어플인데 초심을 잃은거 같네요. 배달어플이면 요즘 욕 먹는 배달 환경이나 배달비 같은 근본적인 문제를 개선할 생각을 해야지 홈쇼핑 처럼 라이브 같은거나 하고 다른 배달앱이랑 다르게 배달비나 배달시간에서의 이점같은건 없고,  ~디자인이 보기좋게 바뀌였어요! ,  전국 1위 배달 어플!  이런 식으로 광고하고 앉아있으니 오히려 비호감에다가 괘씸한 생각만 들죠. 요즘 다들 떠나가는 추세라는데 왜인지 알거 같네요. 저도 앞으로 안 쓸거 같습니다.",1
남현준,20220530,"꾸준히 배달의 민족을 이용해왔고, 보통 가게들에는 불만이 없음. 하지만 10만원 이상 배달 시킬일 도 없는데 배달비 설정 낚시를 통한 편법으로 검색을 방해하고, 팔지도 않는 음식을 등록하고, 같은이름의 음식점이 5,6개가 계속보이고, 검색 기능이 매우 빈약함. 하지만 이를 해결하려는 의지는 없음. 앱을 이용한지 오랜 시간이 지났지만 광고나 더 생기기나 함. 내가 메뉴를 고를때 내 조건에 맞는 음식점을 찾기위해서 시간 낭비가 너무 많음. 수수료라는 형태로 소비자에게서도 돈을 받는것과 같은데, 왜 소비자에게 편리한서비스를 제공에는 관심 없고, 비싼 광고하는게 서비스를 만들어서 파는게 주된 관심사 처럼 느껴짐. 소비자가 원하는걸 빠르게 찾을 수 있도록 바꾸세요. 예를들면 소비자가 가게를 블락해서 안보일 수 있게 하던가, 아니면 소비자가 제대로 원하는 정보를 검색할 수 있도록 검색시스템을 분명히 개편하십시오.",1
김승용,20220603,"솔직히 말도 안되는 수준의 배달팁도 문제인데, 이용자 속이기식 UX도 문제인 것 같습니다. 아니, 선물받은 쿠폰이 있어서 그거 쓰려고 가입하긴 했는데, 첫 주문 쿠폰도 주면,  이번 주문에만 쓸 수 있는 쿠폰이 있습니다. 먼저 사용하시겠습니까? 라던가,  기한이 얼마 남지 않은 쿠폰이 있습니다. 사용하시겠습니까? 로 안내멘트라도 주셔야지, 서민 입장에선 작은 금액도 아닌데 이런 식으로 이용자에게 혜택 주는 걸 일부 피하는 기법은 좀 아니라고 봅니다. 개선하세요.",1
강은서,20220708,1.메뉴 리뷰 골라보기 불편하다고 느껴져서 리뷰 달러 왔는데 아니나다를까 다른분이 얘길 꺼내셨네요. 메뉴 들어가면 해당메뉴 리뷰보기 칸 있었으면 좋겠습니다. 2.배달기사 전화번호 배달기사 매칭 되면 기사 안심번호도 좋으니 연락처를 확인할 수 있었음 좋겠습니다. 가게 전화해서 배달기사 전화번호 알아내기 너무 번거롭네요. 가게에서 전화를 못받으면 하염없이 기다리고있어요.,2
김란,20220718,"다 좋은데 메뉴별 리뷰를 바로바로 볼수있었으면 좋겠습니다. 일반 메뉴를 시키려고 그 메뉴 리뷰를 찾으려 둘러보면 시간도 오래걸리고 불편합니다.. 다른 배달 플랫폼은 그게 참 편한데 배민은 없어서 불편해요. 그리고 음식점 차단,숨김 혹은 블랙리스트에 넣는 기능이 있었으면 좋겠어요. 주문시키다보면 서비스가 마음에 안들거나 음식의 질과양이 매우떨어지는 가게는 리스트에서 제외시켜서 보고싶은데 그런 기능이 없어 이또한 불편합니다. 주문을 가게에서 받아놓고 결국 다음날 아침까지 배달 안보내다가 가게 문 열 시간이 되어서 사과도없이 주문만 딸랑 취소시키고 이런식으로 서비스 뭣같이 하는 가게들이 있는데 개인차단기능 꼭 있었으면 좋겠습니다..",4
춘삼,20220706,"배달비는 이제 2~3천원이 기본이고, 배달비 저렴해보이려는 10만원 이상~ 수작은 자꾸 늘어만 가고, 같은 가게거나 같은 프랜차이즈 임에도 가격 차이가 있고, 여러 번 시켜먹었던 가성비 맛집은 점점 사라지고, 어떻게든 소비자들 돈 한푼이라도 더 뽑아먹으려는 노력이 가상해서 저도 곧 있으면 백만 명 중에 한 명이 될 것 같네요",1
김다은,20210617,업데이트란건 불편사항과 버그들을 고쳐서 더좋은 사용을 위한거 아닌가요? 어떻게 업데이트를 했는데 저번보다 메뉴들이 더복잡하고 불편하고 난잡합니다. 심지어 배달현황에 위치파악이 가능하던게 사라져서 배달이 어디에있는지 언제쯤올지도 모르면서 기다려야합니다. 괜히 업데이트 했나싶기도하고 굳이 내가 이런 불편함들을 감수하면서까지 어플을 사용해야하나라는 생각도 드네요. 업데이트전까지는 정말 잘사용했는데 다음 업데이트가있기전까지는 사용하지 않을거같네요,1
Google 사용자,20190112,"정말 잘 쓰고있는데요, 결제 페이지에서 결제 실패하고 돌아오면 쿠폰 사용 설정이 초기화되면서 못쓰는 경우가 자주 있습니다. 결제 실패해도 해당 화면에 요청사항이랑 쿠폰 설정한 내역은 남아있으면 좋겠습니다. 처음부터 안쓸 생각으로 주문하면 모르겠는데 쓰려고 생각하다가 그런식으로 못쓰게되면 매우 기분이 나쁩니다",3
김헌우,20200911,"업데이트에 불만이 있습니다. 기존 버전에선 배민오더로 주문할 시 지도를 이용해 주문할 매장을 선택할 수 있었습니다. 저는 집 근처에 음식점이 별로 없는 관계로 주로 자전거를 타고 20분정도 거리의 상가의 매장에서 주문하는데, 업데이트 이후로 지도를 이용한 주문 대신 집 주변에있는 음식점들의 리스트에서만 주문이 가능해졌습니다. 물론 기존 배민 오더의 지도를 이용한 주문 방식이 음식점을 카테고리별로 분류하지 못 하는점을 보완해야할 필요가 있었던것은 맞으며 이를 잘 보완했지만, 기존 지도 방식을 완전히 없애버려서 저 같은 경우에는 업데이트 이후 더 불편해졌습니다. 기존 방식의 단점을 메꾸는 시도는 좋지만, 기존 방식이 갖는 장점을 아예 없애버리면 업데이트한 의미가 없다고 봅니다. 가장 나은 해결책은 지도 방식과 리스트 방식 둘 다 이용 가능하게 하는 방법이겠지만, 어플이 무거워지는걸 고려하면 기존 지도 방식을 사용하되 따로 필터링을 두어 이용자가 원하는 종류의 음식만 볼 수있게 하는편이",1
Haesung Cho,20210702,이번에 메인화면 ui구조가 상당히 불편하게 바뀐 것 같습니다. 특히 이전에는 제가 시켰던 음식 목록을 한번에 찾을수있어서 편했는데 바뀐 이후에는 스크롤을 내려서 음식목록이 어디있는지 찾아야된다는점이 불편한거같아요. 가게 대표메뉴를 이미지로 보여주는 방식은 더 구미를 당기게한다는점에서는 좋은데 이전 ui구조가 정보 접근성 측면에서 더 편했던거같아요 ㅠ ㅠ,3
Google 사용자,20190225,"맛집 동네 검색 있음 좋겠음 메뉴 종류 선택 장애 들을 위해서요  글이 잘못 전달 된거 같아 추가 작성합니다. 우리동네 맛집 검색은 있는데, 상호를 알아야만 검색할수 있습니다. 상호 검색은 우리 동네에 무슨 맛집이 있는지 알때 하는거자나요  제말은 검색어 없이 위치 기반으로 주변에 등록된 맛집들을 보여주면 그중에서 선택 할 수 있는 기능을 얘기한겁니다.",3
리델,20220928,이전에 시켰던 가게인지 아닌지 확인이 좀 더 용이해지면 좋겠어요 주문 내역 안에서 검색이 가능하든지 아니면 가게 페이지에서 주문 횟수 등을 표시해주면 좋겠습니다 싫은 소리 하고 싶지 않기도 하고 단순 취향 문제인 경우도 더러 있어서 리뷰 남기지 않는 경우가 많아 리뷰 검색 기능은 있더라도 좀 부족하다고 느껴질 것 같네요...,4
Google 사용자,20190120,멀쩡히 잘 쓰고 있던 정렬 기능을 개편을 위해 삭제한 버전으로 스토어에 올렸다구요? 이게 말이나 되는 소린가요? 기능을 바꾸려고 했다면 먼저 그것부터 충분히 테스트하고 대체해야지 사용자들보고 그냥 참으라고 막무가내로 없데이트한다고? 그걸 누가 믿어요. 그게 아니라 그냥 사람들 간 보고 싶었겠지. 정렬 없어도 괜찮은지 아닌지. 진짜 개편을 위해서 그런 거였다면 그것대로 동네 구멍가게만도 못한 프로세스 수준인 거고. 여러모로 우형의 댕청함이 놀랍네요.,1
sho_Ony,20200914,"메인에서 카테고리로 진입하면 텅 비어있거나 몇 안되는데, 검색하기로 찾으면 나오는 업체수가 상당히 많네요. 카테고리로 진입하면 배달 가능한 매장을 다 띄워주는게 아닌가요? 뭔가 범위가 엄청 좁게 설정되어있는 듯한 느낌입니다. 이 문제로 앱 내 문의하기 통해서 여러번 문의했는데, 최신버전 업뎃하라는 말같지도 않은 답변이 와서 여기다 적습니다.",1
김경용,20210802,"배민 최근 주문수 및 리뷰가 정확한 숫자로 뜨지 않고, 100+, 그리고 리뷰의 경우에도 최대 100+로만 떠서 맛집인지 어떤지 확인하려면 클릭을 1~2번 정도 더 해서 들어가야 하네요...주문수는 최소 10단위로는 알수 있도록 변경했으면 하고, 리뷰도 10단위로는 바꿔서 이용자가 바로 알 수 있게 했으면 편리할거 같네요",2
A la,20211118,배달앱 중에선 배민이 제일 편한거 같아요~ 몇 년 사용하면서 꽤 불편하다고 느낀점이 있는데 가게 메뉴들 리스트에 적혀있는 설명(보통은 메뉴의 구성을 적어둡니다)과 메뉴를 선택해서 들어가면 보이는 설명이 다를 경우에 리스트에 적혀있는 글이 잘려서 다 안보이면 뒷내용을 알 수 없다는 점이예요. 사진에서 메뉴 구성을 한 눈에 볼 수 있는 메뉴들은 괜찮지만 마라탕과 같이 조리시 사진이 찍혀있는 경우 구성품을 전부 알기 힘든 경우에는 사리를 추가하거나 빼는것이 굉장히 난해합니다. 이런점 때문에 지난 몇 년간 같은 불편함을 격고 있습니다. 주변 지인분들도 공감하시더라구요. 개선되었으면 하네요.,4
김채윤,20210612,정말정말 보완해주신다면 삶의 질이 두배는 올라갈 거 같은 점이 있습니다... 메뉴에 해당하는 리뷰를 메뉴에 들어가면 바로바로 볼 수 있게 리뷰와 메뉴가 연결되면 좋겠습니다 맨날 먹고 싶은 메뉴에 대한 리뷰를 남긴 사람이 없나 계속 스크롤내리면서 찾아보면 시간이 너무 오래 걸리고 귀찮아요 ㅜㅜ 혹시 이미 기능이 있는데 제가 모르는 거라면 죄송하고 알려주시면 감사하겠습니당..,4
Google 사용자,20190413,"메뉴가 참 다양해서 좋음. 다만 메뉴 가격이나 편리성이 무색해지는 최소주문금액과 배달팁이 큰 단점. 메뉴 하나가 8천원 해도 최소주문금액이 만원이면, 결국 만6천 주고 2인분 시켜야됨. 거기다가 배달팁도 있음. 차라리 배달팁을 더 주고 1인배달을 시켜주든가, 2인분 이상이 배달이라고 하든가. 이해가 안되는 시스템.",4
Google 사용자,20190708,"배달앱 1등답게 정말 많은 매장과 보기편한 분류등으로 자주애용하고있습니다. 근데 사용하다보니 1가지 기능이 추가되었으면 하는데 어렵지 않을까 생각되는데, 가게 매장 이름 검색도 좋지만 메뉴이름으로 검색도 가능하면 좋을 거 같습니다. 며칠전 어떤 음식이 떠올라 먹고싶었는데 메뉴이름은 생각나는데 매장이름이 생각나지 않아 찾다 포기한 경험이 있거든요.",4
Google 사용자,20191126,많이쓰다보니 편하기는한데.배달팁이 너무 부담스러워요. 장기적으로 쓸때 이벤트나 다양한 혜택이 한번씩이라도 있으면 좋을거같아요. 지난번 반찬집 배달시에 배달팁을 배달후 요청해서 당황했어요. 자세히 보고 주문했어야하는 제 잘못도 있지만 어떤건 배달팁 같이써있고 같이 결제되는데..상품구매후 별도 배달팁요청 부분은 좀 그랬습니다.확실히 눈에 잘보이게 개선되어 주문시 착오없게되면 좋겠어요! 반찬가게등도 웰빙등 더 많이 업로드 부탁드립니다.감사합니다,3
득드기,20220322,이 어플의 가장 큰 문제점은 매장 지도확인 유무가 확률적이라는 점입니다. 지도를 시각적으로 확인하려먼 선택한 매장의 주문 메뉴가 배달-포장으로 분리되어 있을 때 포장을 선택해야지 확인할 수 있습니다. 다시 말해 해당 매장의 주문 메뉴가 배달-포장을 구분하지 않으면 주문을 결제하기 전까지 지도를 확인할 방법이 없다는 기적의 ui를 가지고 있다는 말입니다. 거기다 문제는 메인메뉴에서 포장탭을 선택해서 가게 검색을 했다고 해서 무조건 지도를 확인할 수 있는 게 아니라는 겁니다. 덕분에 포장주문 시킬 때 같은 이름의 다른 매장으로 잘못 찾아가는 일이 적잖이 발생합니다. 다른 배달 어플인 요기요는 100% 지도를 확인할 수 있었는데 왜 이 어플은 지도 확인을 확률제로 만들었나요?,1
JW K,20211001,"배달팁 낮은 순으로 정렬을 했을 때 대부분의 가게가 배달팁 0원부터 시작합니다. 하지만 막상 배달팁 정보를 보면 4~5만원 이상을 시켜야만 배달팁이 0원이고 실질적으로 3~6천원까지도 지불해야하는 가게가 많습니다. 이 자체로는 불만이 없으나 이런 가게들이  배달팁 낮은 순 위 정렬에서 최상단으로 올라오는 것이 문제입니다. 실질적으로 배달팁이 낮은 가게들 (0원~1500원)은 썸네일 상으로는 찾기가 어려워 아래로 계속 스크롤을 해야만 찾을 수 있습니다. 높은 주문 가격에 배달팁 0원을 책정하는 것이 요새 가게들이 상단에 노출될 수 있는 편법인 것 같은데 이로 인해 소비자도 불편하고 실제로 낮은 배달팁을 제공하는 판매자도 매우 손해를 보는 시스템입니다. 가게의 평균 배달팁을 보여주든지,  0원~ 으로만 표기하지말고 최대 배달팁까지도 표기가 되는 방향으로 앱 수정이 되었으면 합니다.",3
김네모,20220516,"배달료순으로 정렬하는 기능이 있는데, 가게마다 배달료가 단일이 아니고 0~4,000원, 이런 식으로 범위로 되어 있습니다. 그리고 배달료순 정렬하면 범위 중 최저 배달료로 정렬됩니다. 그런데, 막상 들어가보면, 최저 배달료 0원이 적용되려면 10만원 이상 주문해야되는 식입니다. 실제 일반적으로 주문하는 걸로 해서는 배달료 0원 안 되요. 배달료순 정렬 기능이 있으려면, 범위 중 최고 배달료 기준으로 하도록 해야 됩니다. 그래야 이런 꼼수를 막을 수 있습니다.",1
Google 사용자,20190216,배달 앱 중에서 제일 편하고 정직하게 운영되는 것 같아 자주 시켜먹습니다. 근데 한 가지 아쉬운 점이 있다면 리뷰를 달지 않은 채로 모바일작업을 하고 있으면 배너가 작업창을 가려버립니다.. 이런 식으로 앱이 광고를 싸지르면 제 입장에서는 작업에 지장이 갈 수 밖에 없고요.. 애초에 리뷰는 사장님께 개선점이나 좋았던 점을 기재하는 건데 항상 그런 것들이 생겨날 수는 없는 것입니다.. 그렇기 때문에 리뷰요청 메시지를 화면을 점유하는 메시지가 아닌 카톡이나 휴대폰 메시지와 같은 상단 알림으로 변경해주었으면 합니다.. 앱이 화면을 점유해버려서 작업이 멈추면 가끔 빡치거든요,4
hm Urban,20200912,"포장 선택시 기존 지도상에서 보이던 가게들이 목록으로만 볼수 있게 봐뀐점은 너무 불편합니다. 포장 주문 특성상 내가 주문한 위치에서 가게가 얼마나 멀리 있는지, 어떤식으로 가야 하는지 지도상에 직접 눈으로 보고 결정하는 점도 있는건데 이건 일일이 목록상에서 가게를 보고 찍어서 지도로 가는길을 찾아 봐야 하는데 기존 지도와 목록 두가지 다 볼수 있던 것과 너무 불편하네요 두가지다 선택이 될수 있으면 좋겠습니다.",2
Google 사용자,20190407,메뉴 이름으로 검색 안 되고 가게 상호명만 검색할 수 있는거 너무 불편해요. 그리고 한식에서도 세부 카테고리가 정해져 있지 않아서 찾는 게 힘들고요.. 인터페이스도 깔끔하지 않고 너저분 해진거 같고 (배민라이더스 서비스 오픈 이후 밑스크롤에 무언가 많이 생겼네요) 복잡해요.,1
이로움,20210615,첫화면 바뀐거 너무 불편하고 별로예요 웹디자인 진짜 지저분해요 쇼핑라이브? 중요도가 떨어지는걸 첫화면에두고 막상 중요한 주문하는걸 버튼으로 들어가게 하는건 무슨일이죠? 다른 배달앱으로 갈아타고 싶을정도 검색하는것도 검색을 한번 누르고 또 눌러야지 검색이 되는건 뭐죠...? 왜 이런 쓸데없는 기능을 추가하신거죠?,1
Google 사용자,20190603,단순 배달앱인줄 알았는데 도대체 무슨 개인정보를 캐가시려고 수상쩍게 캐시메모리 쳐먹으면서 백그라운드로 돌아가죠? 주기적으로 캐시메모리 정리를 하는데 이거는 죽여도 계속 재기동 되더군요. 프로그램 느리게 시작해도 좋으니까 개인정보 강탈 의심 안받으시려면 앱 비작동시 백그라운드에서 캐시메모리 먹는거 가능한한 빨리 수정 부탁드립니다.,2
Google 사용자,20190817,인터페이스가 넘나 불편하네요. 검색도 못하겟고 매장리스트도 중복되고 이용하는데 거슬리는 점이 많습니다. 다른지점인가 확인해보면 리뷰나 기타정보가 완전동일해요. 그것뿐만이 아니라도 매장검색에 불편한 점이 많습니다. 왜 개선을 안하나요?? 유명체인점 피자 몇번 어플로 시켜먹다가 다른것좀 먹어볼까했는데 찾다가 힘들어서 탈퇴하고 삭제했어요.,2
Google 사용자,20191021,안녕하세요 개발자님. 항상 배달의 민족 편리해서 잘 이용하고 있습니다. 다만 아쉬운 점이 두가지가 있는데요. 첫째. 교환권이 있을때 늘 전화로하면서 교환권 바코드 번호를 불러 드려야지만 주문이 가능한데 배달의 민족에서도 주문할때 교환권 바코드 번호 입력해서 번거롭지 않게 앱에서도 교환권으로 결제 기능이 있었으면 좋겠어요. 둘째. 전화 주문도 결제 완료건에 한해서만 누적 주문 횟수로 가능하게끔 해주셨으면해요 불편사항은 없고 다음 업데이트때 이 두가지 됬으면 좋겠네요~,5
Google 사용자,20190921,"오랫동안 애용중인 배민인입니다^^ 매장도 계속 추가되고 다양한 음식이 많아져서 정말 좋습니다. 하지만 아쉬운게 있다면, 메뉴사진이 추천메뉴에만 있어서 메뉴선택이 어려워요. 사진이 모두 있다면 메뉴선택이 더 수월할것같아요. 그리고가게 운영시간이 실제 운영시간과 맞지않은 곳이 몇몇있어서 불편함이 있고, 어느 가게는 배송료를 현금으로 받는곳이 있어서 현금이 없을땐 주문을 할 수 없어 아쉬워요. 어플사용에 항상 좋은 환경이 되게 개선 해주셔서 감사하며, 위 사항도 개선된다면 정말 더 좋을것 같아서 적었습니다. 수고하세요^^",4
임호식,20210715,"쿠팡이츠가 노골적으로 라이더가 동시에 다건 배달하는 모습을 광고로까지 만들면서, 비판하는데 개선사항이 진행되는 모습이 없음. 배달 시스템을 개선할수는 없어도 사용자와 가게 주인 입장에서 주문상태에서 픽업현황 정돈 알수 있어야하지만, 이 픽업상태 변화를 라이더가 배달시작 버튼 누름으로 바꾸고 있음. 이러면 배달 늦어지면 가게만 민원 전화 들어오고, 사용자는 사용자대로 짜증나는 형태로 될거 같음. 해당 기능 관련해서 개선이 필요해 보입니다.",1
Google 사용자,20190827,배달 음식이 개인의 취향에 따라 입맛이 틀리기 때문에 때론 맛도 허접하고 개념 없는 사장도 있있지만 .. 이곳 저곳 잘 찾아 맛있는곳 찾으면 단골이 됩니다 .. 편하게 집에서 음식을 즐길수 있는 대한민국이 대단 합니다~^^배달의 민족 다양한 음식점이 많아 별점과 리뷰 보며 잘 찾아 맛있는 음식 먹을수 있어 좋아요~^^,4
Google 사용자,20190628,어플의 구성이 좀~~ 그렇네요!! 메뉴의 전체사진이 있으면 좋겠는데.. 전단지 처럼!! 리뷰와 사진을 찾아보고서 주문을 하게 되네요.. 또한 주문 고객의 리뷰 작성시 자동으로.. 주문한 메뉴가 표시 되었으면 합니다.. 그래야 어떤 메뉴 사진인지 알아보기 쉽고 참고가 될 것 같네요~~,2
Google 사용자,20190123,지도앱이나 다른 주문어플에서는 위치서비스가 정상적으로 작동되는데 이 어플만 제 핸드폰에서 위치 서비스를 이용할 수가 없네요 혹시나 싶어서 지웟다가 다시 깔아봣더니 아예 검색자체도 안되서 사용을 할 수가 없네요 처음엔 위치서비스 잘 되다가 갑자기 왜 이런거죠 참고로 사용 기종은 s7엣지 입니다,2
무무,20210823,"메인 카테고리에 플라스틱 용기를 사용하지 않는 매장, 비건식단을 포함한 매장을 조회할 수 있는 카테고리가 생기면 좋겠어요. 플라스틱 포장재를 이용하지 않으려고 하는데 그런 매장을 일일히 찾기가 어렵습니다. 제로웨이스트와 채식을 지향하는 이용자가 많아지고 있으니 진지하게 고려해봐주시면 좋겠습니다. 음식점 입장에서도 전략적으로 노출기회를 얻을 수 있으니 좋을 것 같습니다.",4
Google 사용자,20191203,"잘 사용하고 있어요. 한가지 제안드릴게 있어서요. 음식점들 중에 배달비를 받는데가 있고 안받는데가 있는데요. 배달비를 안받는 음식점을 옵션으로 선택해서 분류할 수 있으면 좋겠어요. 지금 뜨는 창에 배달비 유무를 눈에 띠게 표시하면 업주들이 난리치겠죠? 그래서, 옆에 옵션으로 분류하는거 있잖아요? 주문 많이 한 순, 가까운 순 이런거요. 여기에 배달비 낮은 순 이런 옵션이 추가됬으면 좋겠어요.",5
Google 사용자,20190205,"몇년 전에는 다른 배달 앱 쓰다가 배달의민족만 계속쓰고 있는데요, 아쉬운 점이 있습니다 찜한가게가 딱 30개만 보이는 거요ㅜ 그렇다고 그 전에 했던 찜한가게가 없어지지는 않더라구요 찜한가게는 다 보여졌으면 좋겠습니다 또 리뷰를 보고 메뉴를 주문하려고 하는데 그 메뉴가 뭔지 몰라 주문을 망설였던 적이 몇 번 있어요 이건 아마 다른 앱에는 있는 기능일텐데 리뷰에 주문한 메뉴들도 자동으로 같이 뜨는 기능도 있었음 정말 좋겠어요! 배달의민족 정말 잘 쓰고 있습니당💕💕",3
Jun Min,20210617,첫화면 누구 생각인가요? 앱 사용해보고 만드신거 맞죠? 수수료 받아가서 한다는게 더 불편하게 만드는 건가요? 도대체 검색 칸을 만들어 두고 클릭하면 또다시 검색창으로 가지는건 누구 아이디언가요? 그럴거면 검색 창이 아니라 그냥 바로가기 버튼이죠. 민원24시 앱도 이거보단 직관적 일거 같네요.,1
Google 사용자,20190222,배달되는 음식점은 매번 정해져 있었는데 이 앱을 이용하니 다양한 메뉴가 배달되어 좋네요. 결재도 간편하고 이용 평점이 있으니 선택에도 큰 도움이 됩니다. 다만 배달음식이라 어쩔수 없이 일회용 플라스틱 용기를 많이 쓰게 되어 참 안타까웠습니다. 한끼 편하게 먹자고 환경오염의 주범이 되어버린 것 같아 양심이 콕콕 아팠습니다.,4
SJ A,20200817,메뉴설명이 다짤려서 나옵니다 시키는대로 고객센터에 문의해봤지만 와이파이 때문인것같다는 이상한 답변만 돌아오고 해결의지가 없네요. 와이파이 하에서는 작동하지 않는 오류앱이라는걸 인정하는것과 같은 말 아닙니까? 설사 데이터환경문제라 해도 통신 에러처리를 제대로 하는게 맞지 저런답변은 정말 아닙니다,1
Google 사용자,20190811,"정말 잘 쓰고 있는 앱입니다. 단지 아쉬운 점이라면 메뉴 선택후 결제창 이전 화면에서 메뉴별로 세부 추가사항을 수정할 수 있는 기능이 추가 되었으면 합니다. 즉, 예를 들어 베스킨라빈스에서 파인트( 3가지 맛)을 a b c로 시킨 뒤 결제하기를 누르기 이전 화면에서 파인트를 누르면 a b d로 수정할 수 있었으면 좋겠습니다 다시 메뉴를 삭제하고 세부사항을 누른 것이 번거롭게 느껴집니다. 꼭 반영되었으면 좋겠습니다! 감사합니다.",4
Google 사용자,20190825,주문자가 어떤 메뉴를 주문하고 리뷰는 쓰는지 알 수 있다면 음식 메뉴 선택에 도움이 될것같아요 요기요 배달 앱은 주문자가 무엇을 주문했는지 양이나 맛이 어땟는지 구체적으로 ☆모양으로 체크하는 옵션이 있어서 다른 주문자가 참고하고 메뉴 선택할때 도움이 되더라구요 저는 늘 배민만 이용해서 이러한 옵션이 추가되면 훨씬 배민 사용자에게 좋을것 같더라구요~,4
Google 사용자,20190811,. 옛날에도 주문보낸지 2시간뒤에야 주문취소답장이 오는게 마음에 안들었는데 이번에는 어플자체 오류가있네요 ^^ 내가 내 돈주고 피자 시키겠다는데 왜 결제 창으로 들어가지지 않을까요?? ^^ 하얀화면만 뜨고 점심때 일어나서 배고픈데 화나네요! 아 참고로 네트워크 연결이 안됐다고 말같지도않은 알림이 뜨길래 데이터로도 바꿔보고! 휴대폰 다시시작도 해보고! 와이파이 재부팅도 해보고! 혹시 업데이트가 안됬는지 확인까지 했는데! ^^ ^^ ^^,1
Heejin Lee,20210831,요즘 배달팁을  0원~ 으로 보이게 설정해놓는 가게들이 너무 많습니다. 실제로 주문해보면 2천원에서 3천원 배달료가 더 붙고요. 그리고 0원~으로 설정된 가게들이  배달팁 낮은 순  정렬에서 상단에 노출되게 되어 있어 배달팁 낮은 순 정렬이 의미가 없는 것 같습니다. 배달팁을 0원은 아니지만 낮게 받는 가게들이 피해를 보는 것 같습니다. 소비자인 저도 너무 불편하네요.,2
Google 사용자,20191213,배민 앱 잘 쓰고 있어요~ 찜 기능이 있어서 편하긴한데 찜한 매장에 관해서 즐겨먹는 메뉴라던지 입에 맞지 않는 메뉴라던지 내가 간단히 메모 할 수 있는 기능이 추가 되었음 좋겠어요. 입에 맞지 않는 음식은 안시켜야지 하다가 한참 뒤에 잊고 다시 배달시켜먹는 경우가 종종있어요..,4
A B,20220120,1. 같은 식당이 몇 건씩 올리는 것 2. 한 상호명이 식당 이름만 바꿔서 여러개 올리는 것 이 두가지 문제점 때문에 가뜩이나 보기 불편한 식당 목록이 그 숫자가 몇 배는 더 많아져서 더더욱 보기 불편함 개선 방안 1. 최신등록순으로 보기 기능이 무조건 필요함 2. 무조건 한 상호명 당 한 건씩만 등록할수 있게 바꿔야함 사용자를 위해서도 신규등록 업체를 위해서도 위 두 사항은 아직까지 실현되지 않은 것이 이상할만큼 선택이 아닌 필수사항임,1
Google 사용자,20181107,이번에 인터페이스 업데이트 되면서 보기가 좀 불편해졌어요. 메뉴들이 다 너무 커서 한눈에 안들어오고 레이아웃이 좀 싸구려 전단지 같은 느낌이 드네요. 이전 레이아웃에 너무 익숙해져서 그런걸수도 있지만 예전 디자인이 더 배민스럽고 고급진 느낌이에요.,3
이다정,20210910,배민 없으면 못사는 1인입니다. 너무 잘쓰고있는데 건의를 몇가지 드리고 싶습니다. 1. 주문내역 검색기능 추가 : 예전에 주문했던 가게나 메뉴가 기억이 안나서 찾아보려면 참 힘드네요. 배민에서 워낙 많이 시켜먹어서 한참 스크롤 내려야 되거든요ㅠㅠ저같은 충성고객들 위해 제발 추가해주세요... 2. 특정 메뉴 선택하여 리뷰보기 기능 : 요즘 리뷰에 다른 고객이 무슨 메뉴를 먹었는지 볼수있어 참 좋습니다! 그런데 원하는 메뉴를 선택하면 해당 리뷰만 볼 수 있는 기능이 생기면 더 편할 것 같아요!,5
Google 사용자,20200317,"다른 사용자분들처럼 리뷰작성시 사진이 안뜹니다. 사진 장수는 정확히 나오는데 사진이 안떠요. 핸드폰 자체 갤러리 사용중이고 클라우드나 드라이브는 사용하지 않고 있습니다. 설정 권한도 확인했고 앱 지우고도 다시 깔았습니다. 그래도 안됩니다. + 닉네임때문에 사진등록이 안된다구요??? 제 닉네임은 저기에 적으신 것 중에 해당되는 것 하나도 없습니다. 한글이고 특수문자, 공백없고 자음이나 모음만 입력되지도 않았습니다. 앱 자체 문제아닌가요..",2
Google 사용자,20181105,주소 입력이 안되어서 열받았습니다. 고쳐주세요.  + 수동으로 입력 했는데도 안되어서 이런 리뷰를 남긴겁니다 ㅜㅜ 피드백 빠르시네요 ..ㅜㅜ 다른거 다 너무좋았는데 제일 중요한 주소지 등록이 안되어서 정말 화났었어요. 근처에 다른 상징적인 건물로 대신 설정하고 제가 직접 받으러 갔다올 뻔했거든요. 기사님이 요청사항 보고 찾아와주셔서 다행이죠.. 배달앱이 집까지 와주는게 좋은점인거잖아요.. 주소지 입력안되면 배달앱 사용할 이유가 없죠. 개발자님 기분상하지 않으셨으면 좋겠네요 ㅠ,2
박시은,20210618,너무 불편해졌어요 UI가 너무 난잡하구요 특히 옆으로 넘겨지는 부분에서 상단 이벤트배너를 슬라이드 하면 배달탭에서 포장탭으로 넘어간다던지 여러부분에서 불편한점이 많아졌네요 변경된 부분이 낯설어 적응할 부분도 있지만 많은 부분은 업데이트되면서 사용자의 편리함을 고려하지 않은 것 같습니다. 또 이전보다 앱이 무거워졌는지 많이 버벅되네요. 과유불급이라고 배고픈자들이 배달을 쉽게하려고 사용하는 앱이니만큼 간결하게 만들어 원래 목적을 잊지 않았으면 좋겠습니다.,1
도몽,20210717,"업데이트하고 불편해졌어요. 검색할 때 배달팁 필터 기능(정렬기준 말고요) 사라진 것도 그렇고, 찜 수도 안 보이네요. 제가 못 찾는 건지, 배1 아닌 가게는 찜 수가 예전처럼 보이는데 배1 가게는 찜 수가 안 보이네요. 처음 시켜먹어볼 때 찜 수로 결정하는 경우가 많았기 때문에 너무 불편합니다. 찜 많은 순으로 정렬하는 건 있는데 왜 찜 수는 안 보이는 걸까요...",1
바다,20211229,정말 최악의 앱이에요. 수수료는 엄청 챙겨가면서 제대로된 관리는 하지 않습니다. 배달기사들의 매우 잦은 실수와 대체 몇개의 음식을 한번에 배달하는건지 기본 1시간 넘는 배달시간으로 가게에 문제가 생겼나 전화해서 점주가 배달기사에게 전화해보고 전달해주고 귀찮았던적이 한두번이 아닙니다. 피크시간도 아닌데도 엄청나게 오래걸립니다. 고객이나 가게 점주의 배달기사 블랙리스트제도가 무조건 필요합니다. 개선될 때까지 쿠팡이츠 사용하고 있겠습니다.,1
mandarin red,20210120,"1. 아이콘, 텍스트가 작아졌다. 나도 좀 작다고 느끼는데 50세 쯤 이상의 사용자는 포기한거구나. 2. 점점 지저분해진다. 가게 목록은 울트라콜이니 뭐니 번잡스럽다. 똑같은 가게가 또 나온다. 등록된 가게들의 메뉴는 끝이없다. 메뉴설명도 사진이나 글 없이 부실하다. 전체적으로 이것저것 우겨넣어서 점점 지저분해 진다. 3. 필터 기능의 부재. 배달비 필터, 가격필터나, 원하는 메뉴의 리뷰를 찾아볼 수 없다. 싫어하는 메뉴, 알러지가 있는 메뉴나 그런 식품을 파는 가게를 숨기고 싶은데 숨길 수가 없다. 4. 난 알러지가 있다. 사장님께 남기는 말이 너무 길어져 알러지나 식성을 적는 칸이 따로 있으면 좋겠다. 또한 알러지나 식성에 맞춰 개별조리가 가능한 가게인지 표시가 있으면 좋겠다. 체인점에 전화로 저번에 너무 달았어서 덜 달게 해달라고 부탁했더니 그냥 뜯어서 만드는건지 그렇게 안된다 그러더라.",3
야신,20201012,같은 가맹점이 너무 지저분하게 나오니 정신도 없고 매장 찾기가 어렵습니다. 쿠폰도 찾기 어렵고 매장 찾기도 어렵고 주문취소되는 경우도 많아서 요즘 다른앱으로 갈아탔네요. 배달앱이 어려운 기술도 아니고 편의성이 기본이 되지 않으니 사용할 이유가 많지 않습니다. 국내배달앱이라 사용했었는데 이제 외국기업이니 주문 편의성이나 주문취소 보상 등 개선이 꼭 필요해보입니다.,2
서혜란,20211212,역시 우리는 배달의 민족!!잘사용하고 있습니당~다만 1가지 기능이 추가되면 더욱 완벽할것같아 말씀드리려구용~주문내역에서 검색기능도 있었으면 좋겠어요ㅜ과거에 시켰던 곳이 맛있어 키워드로 검색하고 싶어도 기능이 없으니 일일이 찾아봐야하는점이 아쉽네요ㅜ배달을 별도 안시켜먹었다면 쉽게 찾을수있겠지만 자주시켜먹는 사람에게는 데이터가 많아 찾는것도 일이더라구요ㅜㅠ부탁드립니다~~,5
Google 사용자,20190109,배민앱 잘 쓰고 있어요. 그런데 배달해주시는 분들이 영수증 떼는 기계를 들고 다니지도 않으면서 앱에서 영수증 발급 버튼이 정상 동작하지 않으면 어쩌자는건지 모르겠습니다. 멀리 떨어진 가게에 직접 가서 받으라는 건가요; 여태까지 만나서 결제를 해도 항상 영수증 발급이 잘 됐는데 딱 어제 결제한 내역이 안되길래 상담문의 했더니 상담원 분이 바로 결제할 때만 영수증 발급 된다고 하시고. 시일이 지난 영수증이 출력 안 되는 건 이해하겠는데 도대체 영수증 발급은 어떻게 해야지 나오는 버튼인가요 당최. 이래갖고 회사 야식 주문할 수 없을 것 같네요.,4
Google 사용자,20190617,수정) 메뉴구경이라던가 그런쪽에서는 문제하나도없었고 오직 결제 과정만 데이터를 쓰던 와이파이를 쓰던 다른폰으로 하던 옆동네에서하든 문제생겻습니다 계산화면에서 로딩이 너무심하네요 도저히 못쓰겠어요 요즘 문제있나요? 스크린샷 올리고싶은데 리뷰에는 못올리네요,2
김최선,20210625,첫화면 바뀐거 너무 별로네요 자주 사용하는 기능이 첫화면에 있으면 좋겠어요.. 클릭 횟수가 늘어나니 영 불편하고 답답합니다. 첫화면이 굳이 왜 필요한지도 모르겠어요 눌러서 들어가보면 이전이랑 크게 다를것도 없던데요 상자 속에 상자속에 상자속에 상자 같아요 홍보까지 하셔서 뭔가 더 좋아지나 기대했는데 기대한게 문제였을까요 기대 이하에요,1
이정현,20210614,바뀐 인터페이스 너무 구려요. 할인이벤트도 잘 안보이고 찜 목록 들어가는 것도 몇 번이나 눌러서 들어가야 하고. 담아놓고 잠깐 다른 거 하면 그거 보려고 몇 번 클릭 거쳐야 하고. 익숙하지 않아서라기엔 그냥 너무 불편한데요.. 직관적이지도 않아서 더 헤매는 것 같아요. 이렇게 바뀔 거면 더 직관적이어야 하지 않았을까 싶어요. 구립니다. 배민에서 하는 옛날 번쩍배달 쿠폰이나 그런 건 끝난 건가요 아니면 그런 거 찾기 힘들게 하려고 밑으로 내려버린 건가요..? 전체적으로 정보 전달력도 떨어지고 사용감도 떨어져요. 왜 이렇게 바뀐 거죠..? 쓰다 보면 편해지려니 생각해 봐도 현재로선 그냥 구리고 불편하다는 생각만 듭니다.,2
양재호 (VJ LEGENO),20210203,"배달의 민족 어플 잘 쓰고있습니다. 간단한 요청사항 몇가지 적어봅니다. (건의사항) 각 배달 가게마다 요청사항 따로 저장이 있으면 좋을것 같습니다. 이것은 부과적인 욕심인부분이구, 각 가게마다 개인 메모를 할 수 있게 바꿔주시거나 추가해주시면 좋을 것 같습니다. 물론 찜 기능으로 구별은 하다만, 많은 가게를 여러 메뉴를 시켜먹다보면 따로 저장을 하거나 필기를 하는데 어플에서 바로 이용할 수 있게 각 가게 개인 메모기능을 추가해주셨으면 좋겠습니다!",5
"김인환,Eric Kim",20210816,"처음 사용 관련한 어떤 쿠폰도 다운로드가 되지 않네요. 10,000원 할인도 우리 동네 첫 포장 3,000원 모두요. 클릭하면  첫 주문시 사용 가능합니다  라고 뜨는데 결제화면에서는 쿠폰이 나오지 않습니다. 배 고파서 그냥 주문했네요. 답변을 주셨는데 불편한 내용이 명확히 전달이 되지 않은 것인지 답변이 질문 내용과는 다소 차이가 있는 듯 합니다.  주문 전에 쿠폰 다운로드를 여러 차례 시도했으나 결국 다운로드가 되지 않아 포기 하고 그냥 주문했다는 의미입니다. 그러니 확인하시면 첫 주문이 쿠폰 사용전에 이뤄진 것으로 나오겠지요..",2
뚜비뚜밥오뚜기밥,20211113,다른 사람은 볼수 없는 본인만의 메뉴 메모장이 있으면 좋겠어요 예를 들어 중국집에서 짜장을 시켜먹었는데 이집은 짜장면이 좀 많이 달더라 이런걸 간단하게 메모할 수 있고 나중에 시켜먹을때도 그 메뉴 아래 내가 적어놓은 메모가 항상 보이면 좋겠어요 음식점은 많은데 시켜먹었던 곳의 어떤 메뉴가 어떤지 나만 알수있게 표시하고싶어요,4
Google 사용자,20190108,비회원으로 사용하다가 가입할까해서 네이버 아이디로 로그인시도를 했는데 팝업이 순식간에 0.1초정도 떳다 사라져서 무슨 오류인지도 알지도 못하다가 순간캡쳐해보니 이메일 정보제공에 동의를 하지않아서 로그인이 실패했다고 뜨는데 그럼 다시 선택을 할 수 있게해주시던가 계속 로그인도안되고 어쩌라는건지 모르겠네요 가입절차에 대한 안내가 부족한 듯합니다,3
Google 사용자,20181124,처음엔 신선하고 좋았는데 출시 몇년 되어가는데 아직도 초기 구성에서 벗어난게 없어보임. 다양함이 부족하고 랭킹이나 추천은 어느지역을 가도 배달하려면 거기서 거기인 느낌. 숨은 맛집 찾기도 힘들고 가게마다 특성을 볼 수 있을만한 장치도 없음. 기본만 하는 느낌.,3
Google 사용자,20190101,첫 앱결제 문제점.. 첫 결제에러 나왔는데 거의 50분걸려 문제점이 나왔는데 생년월일때문 이라니..ㅡㅡ 19로해서 분명히 8개의 숫자를 잘 눌렀는데도 그것 때문이라고 하니 할말이 없었음 분명히 난 몇번을 했고 결제 수단을 바꾸니 바로 되는건 뭐일지...여하튼 사용하긴 좋은것 같은데 결제수단을 여러가지로 하는게 어떨런지...지금 있는것 보다 많게요..,2
Google 사용자,20190816,어플 사용자 편의성 업데이트 좀 하세요. 홈화면 하단에 검색 시스템 구색 맞추기 용이지 정말 쓰레기 같습니다. 타사 어플은 검색시 상점 내 메뉴까지 검색해줘요. 아니 그정도는 바라지도 않아 그냥 내가 입력한 키워드에 맞게 검색 결과를 좀 보여달라고요. 그게 어렵나. 그리고 리뷰에서 뭘 시켰는지 메뉴 좀 알 수 있게 보여줘봐요. 이걸 왜 안하는지 모르겠네. 메뉴를 뭘 시켰는지 알아야지 참고를 하지. 뭐 사진보고 땡입니까. 또 배달 예상시간도 도입하고요. 업계 1위라고 배짱장사하는 것도 아니고 이상한 배민 캐릭터 문방구 굿즈같은거 팔지 말고 어플 편의성 좀 고치세요. 메뉴 카테고리도 좀 다양하게 하고요. 진짜 vip이지만 어플 너무 쓰레기같네요.,1
조용재,20200622,"최근 기능 업데이트이후에 전면메서 메뉴를 한번에 볼 수 있어서 좋아진 것 같아요. 기능적으로 불편한 건 없지만 비즈니스적으로 업주가 별5점 강요 및 서비스를 제공하는 부분은 어느정도 검열이 필요해보입니다. B마트의경우, 셀렉션확장을 주력으로 하는것이 중요해 보이며, 본래의 컨셉에 맞는 밀키트에 주력하고, 마진구조 개선을 위해 PB도 고민할 필요가 있습니다. 타겟에거 맞추고 비즈니스의 고유한 방향은 유지해야하지만, 마케팅적으로 모객할수있는 구색도 갖춰져야합니다. 코로나때문에 어려움은 있지만 바캉스/휴가 관련한 편의 제품을 구비하는것도 좋을 듯 합니다. (체온계, 방수팩, 물총, 썬크림, 셀카봉 등등)",5
고병진,20200710,불편한게 너무 많습니다. 결제 방법 바꾸기 누르면 멈추는 현상부터 이제는 결재 눌렀는데 배달팁 계산중이라는 오류만 계속 뜹니다. 모든 프로그램은 버그 잡는 것부터 시작입니다. 일좀 해주세요. 편의기능 이런거 좋습니다. 좋은데 없어도 지금 대충 쓸 수 있어요. 근데 결재도 안되고 결재방법이 안 바뀌는건 쓸 수가 없습니다.,1
Google 사용자,20190427,"잘 사용하고 있습니다. 그런데 개인적으로 메인화면에 검색아이콘이 바로 보였으면 하는 아쉬움이 있습니다. 처음에는 검색기능이 없는줄알고 불편하다 생각해서 앱을 쓰지 않았는데, 메인화면에서 아래로 내려보니 있더군요. 상단 우측에 돋보기 버츤 하나 있으면 편할 것 같다는 생각이 들었습니다.",5
Google 사용자,20181022,가게명으로 검색은 가능하던데 너무 뜬금없는곳에 있는것 같아요. 분식이나 다른 탭을 눌렀을때 사에드쪽에 아이콘 같은걸로 표시가 되었음 합니다. 그리고 가게명이 아닌 메뉴명으로도 검색이 되었음 좋겠어요!! 뭐가 먹고싶은데 어느곳에서 판매해는지 감이 안잡힐때 하나 하나 들어가서 확인하기 번거로운것 같아요!!,5
토리,20210706,1. 수저 포함을 기본으로 안한 부분과 ui도 수저를 포함하는걸 깜빡하기 쉽게 만들었으며 이렇게 바꾼이후로 식당에서 빼먹는 경우도 늘어남 2. 이번에 새로 업데이트된 ui 다른것도 좋다고는 못하지만 메뉴 리스트 부분에선 구분도 안되어있고 메뉴 글씨만 커다래서 한눈에 읽힌다는 느낌이 전혀 없음 3. 배달팁 최소주문금액 이런건 별도의 필터가 있어야하는거 아닌가? ~순 이런식으로 하면 내가 원하는 대로 필터링을 전혀 할수가 없다. - ui와 ux는 이번에 깔끔하게 새로 바꾸려고 한건 좋았으나 정작 편의성은 더 낮아진거같다.,1
곰돌이,20210426,피드백 1 리뷰를 볼때 검색창을 만들어서 특정메뉴를 검색할수 있으면 좋겠습니다. - 주문할 메뉴에 대한 평을 볼수 있어서 좋을듯 싶습니다. 피드백 2 찜한가게 를 볼때 그룹을 지을수 있으면 좋겠습니다 - 주소지가 다른데 한꺼번에 다 보여서 번거롭습니다 - 카테고리별로 그룹을 지어도 편하겠지요..,5
Hyojeong Kim,20201207,비마트 좋긴한데 불편합니다 장바구니의 그 체크 표시 하는 사각형도 너무 작은데 늘려줬으면 좋겠고 로딩도 너무 오래 걸리는데 로딩 속도도 좀 빠르게 바꿔줬으면 좋겠고 장바구니의 상품을 보고나면 체크 표시를 끈게 꼭 다시 선택이 되어있는데 그것도 고쳐서 체크 표시가 안나왔으면 좋겠습니다 글고 로딩 화면도 그만 좀 나왔으면 좋겠습니다,1
아린,20210326,앱 정말 잘 쓰고 있습니다. 그런데 한가지 건의 드려도 될까요? 배달팁 낮은 순서로 했을 때 0원~3000원과 1000원이 있으면 0원~3000원이 먼저 뜨더라고요. 최소가격을 기준으로 한 것 같은데 실제로 배달을 시킬 때는 단체주문을 제외하곤 최대가격 혹은 최대에서 1000원정도 깎인 가격의 배달팁을 지불하는 경우가 대부분입니다. 배달팁을 고려하고 주문하는 사람이 저를 포함해서 적진 않을 것 같은데 그런 입장에서 이 기능이 처음 생겼을 땐 기뻤으나 실제로는 쓸모가 없다고 봐도 무방합니다. 배달팁 최대가격을 기준으로 한 배달팁낮은순 정렬 기능을 만들어주실 수 있나요? 그리고 리뷰를 볼 때 보고싶은 메뉴를 설정해서 볼 수 있는 필터링 기능이 있다면 좋을 것 같습니다. 글 읽어주셔서 감사합니다.,5
오즈,20200630,"음식메뉴 고를때 옵션 추가 또는 삭제가 장바구니서, 가능하게 세부적인 선택 기능이 만들어지면 좋겠습니다. 그게 안되니까..골랐다가 더추가나, 해제를 못해 전체음식 삭제하고, 다시 골라야해서 조금 불편해요. 기능개선이 이루어지길 기대해봅니다. 예를 들어, 된장찌개에 옵션이 차돌.해물...등이있어 차돌로했다가..다시 해물로 바꾸고싶으면, 장바구니에서 옵션변경이 가능하게..ㅎ 무슨얘긴줄 아시겠죠?ㅎㅎ",5
IRES SERI__,20211211,"업데이트 후 배민 앱 지움. 이름이 배달의 민족인데 무슨 쇼핑라이브에 b마트에 요상한걸 많이도 만드셨네요. 배달만이라도 꾸준히 잘하려고 노력했으면 정-말 좋았을텐데 초심으로 돌아온다면 그때 다시 사용 할 예정. 이만 요기요로 가겠습니다. (시각적으로도 불편, 시간적으로도 불편함. 업데이트하신 개발자는 사용자가 편리하게 사용가능한 어플 개발에 더 노력해보시길 바랍니다.)",3
Google 사용자,20190222,사이드 메뉴 누락 한두번까지는 참았는데 다른 메뉴를 보내주는건 못참겠습니다. 가격이 같다고 해도 순살을 시켰는데 다른 메뉴에 뼈있는걸 보내주면 기분이 매우 좋지 않네요. 주문표기가 바뀔수 있는건가요..,3
Google 사용자,20190811,"다음부턴 앱에 문제가 있으면 !팝업공지!로 알려주시기 바랍니다. 고객이 주문전에 맨날 공지사항 확인하는것도 아니고, 평소처럼 주문결제 되는데 앱에 문제가 있는지 어떻게 압니까. 주문하고 주문내역 없어서 이상하다는걸 알았네요. 그리고 문제해결전까지 주문 다 막으셔야되는거 아닌가요? 어차피 앱주문결제해도 주문 안들어가는데 왜 결제는 되게 해두신건지.. 주문막는기능은 업주만 설정권한있나요? 아니면 돈 묶어두시는건가요? 저번이벤땐 문제없었던거같은데 이번엔 왜이러는지..",1
Soyoung Pak,20220121,그가게의 특정메뉴를 클릭하면 그메뉴의 리뷰만 볼 수 있는 기능도 있었으면 좋겠습니다. 예를들면 ○○떡볶이집에 로제떡볶이메뉴를 클릭하면 그 메뉴의 리뷰만 볼 수 있는 기능이요! 그리고 가끔 옛날에 내가 이가게에 무슨 메뉴를 먹었었는지 까먹는 경우가 있는데 주문내역을 계속 내려서 찾기가 불편합니다. 그럴때 검색으로 빨리 찾을 수 있는 그런 기능도 있었으면 좋겠습니다.,5
t o t,20210930,"아이디 찾기를 하는데 휴대폰 인증을 하면 다시 로그인 하기가 뜹니다. 로그인 버튼을 누르면 당연하게도 그냥 로그인 창으로 연결되고요. 아이디를 찾아야 로그인을 하잖아요.... +) 몇번 시도를 하니 아이디를 일부 알려주는 화면이 연결됐습니다. 그런데 입력시에 오타가 났는지 제가 쓰는 이메일 주소가 아니었어요. 모르는 아이디에 비밀번호라 당연히 로그인 정보가 틀렸는데 수십번을 해도 로그인 시도 카운팅이 제대로 되지 않네요. 계정정보가 일치하지 않습니다 (4회 남음) 에서 변하지가 않아요. 일정 횟수 로그인 시도가 이루어지면 보통은 휴대폰이나 메일 등으로 계정 정보와 함께 로그인 시도 알림이 가서 계정을 잠그거나 로그인 정보 자체를 바꾸거나 탈퇴할 수 있게 해주던데 그런 장치는 없는 건가요? 아이디 자체를 모르니 탈퇴 후 재가입도 불가능하고, 앱 내의 고객센터에도 관련 카테고리는 없고.. 휴대폰 번호를 새로 발급 받지 않고는 비회원으로만 주문하게 됐는데 상당히 불편합니다..",1
Google 사용자,20200317,사진파일이 안뜹니다ㅡㅡ 분명 찍었고 클라우드 동기화도 다했고 별도 갤러리 지원안한다고 써있던데 여지껏 당연히 핸드폰에 자동 설치된 갤러리에서 늘 첨부해왔는데 왜이러죠? 원래 갤러리에 10장이 있었다치고 새로10장을 찍었으면 새로운게 보여야하는데 앨범 사진갯수만 올라가있고 사진은 보이지도않네요 리뷰쓰는데 강제로 글로만 쓰고있어요 빨리 해결해주세요,3
See All (All see),20211006,잘 쓰고 있습니다. 하지만 여러 기능이 추가 되었음 합니다. 밑에 분 글 내용처럼 배달팁 낮은 순배열 점주들이 꼼수 쓰지 않게 부탁드리고 가게 오픈 시간 별 필터도 추가 되었음 합니다. 신규 업소도 따로 볼 수 있었음 합니다. 같은 가게들이 중복되어서 신규업소나 다른 곳이 안보이기도 합니다.,3
Google 사용자,20200211,"<< BH6H3MKS >> 어플 정말 잘 쓰고 있고, 쿠폰도 있고 요청사항도 가게랑 배달 관련으로 2개로 나뉘어서 정말 좋아요 그런데 딱 한가지 아쉬운 점은 위치를 설정 해놨음에도 배달 불가 지역이라고 뜨는 가게가 있는 거예요 그리고 하나 바라는게 있다면 한 가게에서 특정 메뉴의 리뷰를 검색 또는 조회 해서 볼 수 있으면 좋겠어요 그래도 이게 앱 사용이나 평가를 줄 정도는 아니라 진심으로 잘 쓰고 있습니다:)",5
Google 사용자,20190811,"업계 1위면 뭐 하나요. 서버 터질 날 예상되면 서버를 늘리든가 해야지 돈만 나가고 주문은 말끔히 터지고. 여태 배민으로 갈아탄 이후에 배민만 쓰고 있었는데 이렇게 주문 하나도 제대로 못 할거면 그냥 제대로 주문이라도 되는 2위, 3위 되는 다른 어플이나 쓰는게 낫겠어요. 요즘 오히려 그 쪽이 더 잘 나가던데. 천생연분은 못 되어도 더귀한분은 자주 될 정도로는 썼었는데 매우 실망스럽습니다. 폰 문제인가 하고 다시 설치 했는데 폰 문제도 아니더군요. 환불한 돈 한밤중에 들어오면 뭐하나요. 이미 밥 먹을 시간 다 지나서 잘 때던데.",2
Panty Black,20210807,배달의 민족 항상 잘 쓰고 있습니다. 그런데 한 휴대폰에서 두 개 이상의 계정을 사용했을 때 첫 구매 혜택이 안 되더라고요. 엄마가 핸드폰 사용이 서툴러서 제가 대신 주문 해드렸던 이런 경우에는 좀 난감하네요 하하 아 그리고 주문이 예상보다 빨리 왔을 때 수취 완료 같은 버튼이 생겨서 리뷰를 빨리 적을 수 있게 하는 기능이 생겼으면 좋겠습니다 감사합니다,4
Google 사용자,20190709,배민앱 오늘처음사용했는데 신규쿠폰혜택 주셔서 덕분에 맛있게배달시켜먹었네요. 너무감사합니다. 관심있는장소 찜하는기능 맘에들어요 따로 찾지않아도 되어서요. 다만 다른분들의 리뷰를 참고할때에 그분들이 주문한메뉴도 같이 표시되었으면해요. 사진만보구선 어떤메뉴인지 잘모르겠더라구요. 앞으로도 잘 이용하겠습니다 :),5
Google 사용자,20181202,배민 초창기부터 사용하는 이용자입니다 배달 어플중에선 가장 좋아요 한가지 제안사항이 있는데 매장별 리뷰를 보면 사진과 함께 남기잖아요? 일반적으로 평을 보고 주문하는 편인데 사진만 봐선 사람들 뭐를 주문한건지 모르겠고 매장에 전화해서 몇번째 사진 메뉴가 뭐예요 물어보기도 애매하고.. 애초에 리뷰 달 때 어떤 메뉴를 주문했는지 상단에 정보도 같이 기재되면 좋겠어요. 이 메뉴는 이렇게 나오는구나 사진만 보고도 알수있게끔.,5
Hyemi Hyun,20200805,"배민마트가 배송도 빠르고 편하긴 한데.. 도시락이든 뭐든 식품은 소량과일,소량야채 제외하고는 거진 다 냉동이라고 보면 되고, 품목마다 후기를 달 수 있는 시스템이 아니라서 복불복이라서 그 점은 좀 불편하더라고요... 꽤 여러 번 이용했었는데, 그런 게 아쉬운 점이었어요. 식료품은 선도나 맛이 중요해서 후기가 필수로 있는 게 좋은 것 같습니다. 배송가능 금액단위가 낮고 당일배송이라는 점은 좋아요. 하지만 위 사항이 고쳐지지 않으면, 사실 거진다 냉동식품이며 레토르트므로 이런 거 필요할때만 사게되므로 이용률이 적어질 것 같고 후기를 보고 사지못하니 막상 받아보고나서 상품 실물에 대한 만족도가 떨어져 결국 자주 안시키게 됩니다 S**닷컴이나 마***로 이동하는 이유가 되는 것 같아요. 개선된다면 더 자주 이용하게될것 같습니다",4
WS Park,20210307,"이벤트성 페이지에서 오류가 종종 발생하는데 실시간 상담같은 cs로 상세한 내용과 분석, 캡쳐까지 포함해 문의를 남겨도 해결이 안됩니다. 대화중 10분이상 대기해야 한마디 답변을 들을 수 있는건 기본이고, 그마저도 제대로 읽어보지도 않고 문제없다는식으로 대충 넘어가려고 하네요. 마지막에는 위에서 했던말 다시 반복하고 일방적으로 상담을 종료해버렸습니다. 메시지가 아예 전송도 안되게 막혀버리더군요. 시장 독과점의 폐혜가 이런건가 새삼 느끼게됩니다.",1
Google 사용자,20190622,km거리로 볼수있는 버튼이 사라지고 나서 시골이라 그런지 뜨는게 정말 없었어요. 주위에 가게는 없지만 멀리서도 배달비 받고 오는 지역인데 가까운 거리순만 보이게 해놓으니까 뜨는게 없더라구요ㅋㅋ 슈퍼파워광고란?에 가게 세군데 뜨는거 막 새로고침 해가면서 찾아보는등 되게 불편해도 그래도 의리로 꾸역꾸역 참고 썼는데 이번 00가 쏜다 이벤트 보고 그냥 탈퇴합니다. 이벤트때문이 아니더라도 제가 사는 동네에서는 진짜 쓰기가 너무 불편했는데 이번 기회에 다른 어플 사용해보니 더 잘뜨고 쓰기가 훨씬 편하네요. 갈아탑니다,1
연주,20210118,필터 중복으로 체크할 수 있던 기능은 왜 사라진 건가요? 정렬기준을 하나밖에 선택이 안 되니 불편합니다. 배달비용 범위도 지정가능하던 게 왜 사라졌는지 정말 불편합니다. 1인 가구 특성상 과도한 배달비는 부담스러울 때가 있어서 배달비용 제한 설정이 가능한 부분이 음식점 찾을 때 용이했는데 그게 안 돼서 당황스럽네요. [정렬기준+배달비+최소주문금액] 이런 조합으로는 설정이 가능하던 게 다른 배달앱과는 다른 점이라 편리했는데 매우 불편해졌습니다. 다시 가능하게 됐으면 좋겠습니다.,1
전유진,20200730,"좋아요. 근데 옵션에 몇시까지하는지 볼수있는게 있었으면 좋겠어요. 새벽이나 아침, 늦은 밤에 주문하려고 미리 볼때 그런 옵션이 없으니까 하나하나 들어가서 시간체크를 해야돼서 그부분이 추가됐으면 좋겠네요. 예를들어 오픈 빠른순, 마감 느린순 이런게 있으면 훨씬편할것 같아요.",5
Google 사용자,20200211,"[[ BH6H3MKS ]] 어플 정말 잘 쓰고 있고, 쿠폰도 있고 요청사항도 가게랑 배달 관련으로 2개로 나뉘어서 정말 좋아요 그런데 딱 한가지 아쉬운 점은 위치를 설정 해놨음에도 배달 불가 지역이라고 뜨는 가게가 있는 거예요 그리고 하나 바라는게 있다면 한 가게에서 특정 메뉴의 리뷰를 검색 또는 조회 해서 볼 수 있으면 좋겠어요",5
정기성,20210509,잘쓰고 맛있는고 잘먹고 있습니다. 한가지 아쉬운 점은 예전엔 그렇지 않았는데 요즘 리뷰쓰기에서 키보드 자판이 있는 상태에서 리뷰완료 버튼이 아예 뜨질 않고 있습니다. 창을 내렸다가 휴대폰 바탕화면이 나오게 한 후 다시 들어가면 자연스럽게 키보드자판이 사라지면서 리뷰완료버튼이 뜨긴하지만 이를 인지못하는 사용자분들의 경우 굳이 이런 번거러움을 감안하지 않으려 할 경우 배달의 민족 리뷰쓰는 횟수가 자연스럽게 줄 듯 싶습니다. 리뷰글창 글 완료후 나머지 메뉴엄지척 버튼이나 배달 만족 버튼을 눌러도 키보드자판화면은 사라지지 않습니다. 제 폰은 엘지 V50입니다. 시스템 조정시 참고하시면 좋을 듯 합니다. 번창하세요~^^,5
김영재,20210825,폰의 취소버튼(뒤로가기) 누르면 앱이 왜 종료 안되는건가요? 수정해주세요.. 그리고 콜이 너무 안들어오네요..일반자전거로 하는데 콜이 들어와도 일반자전거로 시간안에 배달하기 힘든 거리이거나 고지대에 있는곳이 너무많이 들어와서 대부분 취소하게 되는데.. 제발 AI 답게 운송수단에 맞는콜을 주면좋겠네요..,1
tomato,20210516,"주문할때 사장님께 한마디나 배달요청사항에 최근에 적어놨던 글이 남겨져 있어서 선택할 수 있으면 좋겠어요. 일반 다른 쇼핑몰에서 배송메시지 쓸 때 자주 쓰는 글이나 최근 메시지를 고를 수 있는것처럼요. 왜냐하면 한 두가게만 이용하면 상관없을텐데, 이용하는 가게가 여러곳이다 보니 그때마다 새로 쓰기가 번거로워요.  다음에도 사용  이라는것도 가게 특성에 따라 안맞을수 있어서 별 의미없는 기능이 될땨도 많구요.",3
Hello Good,20210805,"잘사용하고 있습니다 새로 생긴 배민원 상점 리스팅 방식이 불편합니다. 한번에 여러개보고 싶은데 사진이 너무 커서 배달 시간, 배달팁 같은 글씨도 눈에 잘 안 들어옵니다. 대부분 사진대로 안와서 오히려 실망이 큽니다. 전 방식이 좋은 것 같아요 그리고 메뉴별 리뷰 모아보기 기능이 있었으면 좋겠습니다.",4
hj p,20210417,"평소 배민 앱 잘 이용하고있습니다. 한가지 배달서비스관련하여 개선했으면 하는게 있는데, 문앞에두고 전화/문자 요청시에 절반정도는 냅다 벨누르고 그냥 주십니다. 요청 선택지가 크게 의미가없는것같다고 느낍니다. 타사앱 쿠팡이츠에서 주문시에는 배달요청사항이 비대면서비스 배려가 잘되어있고(선택지 세분화) 초인종 여부가 나뉘어있어 좋다고느꼈습니다. 그리고 대부분 요청한대로 정석으로 주시고 기사님 개인문자가 아닌 앱을 통해 사진을 받을 수 있어서 좋았습니다. 그리고 개인적으로는 전화가 오는것보다 문자로 문앞수령 안내받는걸 선호하는데 해당선택지가 없어서 직접써서 문자달라고 요청드리는데 그닥 이루어지진않아서.. 요청사항 선택지에도 전화뿐아니라 문자요청이 있었으면 좋겠고 실제로 요청대로 기사님 반영이 잘되면좋겠습니다.",4
Google 사용자,20200417,여태까지 잘 써왔고 쿠폰이나 배민페이 등 다양한 혜택도 있어서 좋았는데 개선 요청 드릴게 있어 리뷰 남깁니다. 주문 기능 중에 예약시간 기능이 있어서 해당 기능을 사용하였지만 점주분께서 이를 인지하지 못하시고 (보통 요청사항만 확인한다고 하십니다) 예약한 시간보다 훨씬 일찍 도착했습니다.. 회사에서 시킨거라 먼저 먹지도 못하고 일찍 받기만 했는데 만약 예약시간을 지정했을 경우 영수증 등에 정확히 볼 수 있도록 명시 바랍니다 (요청사항에 추가되는 등),2
Google 사용자,20190811,4시 이벤트 하면서 주문 에러 서버증설하면 공지라도 날리던가 몇십분을 시도만 하고 있었잖아요. 저같은 사람이 한 둘이 아닐텐데..아까운 내 시간...아... 뛰어난 개발자들 모아놨다는건 그저 홍보용인건지... 시스템 문제를 고객 네트워크 문제라고 하는 애러메시지는 도대체...에혀..모르는 사람들은 자기 폰 문제라고 생각하겠지.,1
Google 사용자,20181107,새로 변경된 인터페이스 업데이트 되면서 더 불편해진 것 같습니다. 익숙한 예전 페이지가 더 좋았던 것 같아요 자주 배달을 주문해서 먹어도 등급 상향도 되어지는 것 같지도 않고 한 눈에 메뉴들이 들어오지 않네요. 소비자가 불편하면 업주들도 불편할 것 같다는 생각입니다. 그리고 슈퍼리스트 업체들은 맛으로 된 것이라 아니라 입찰 받아서 광고비가 엄청 나다는 사실을 알게 되었는데 주문하는 고객입장에서는 신뢰할 수 없는 점. ㅠㅠ 그래서 실속있게 진심어린 리뷰 답변을 올리는 사장님 매장으로 주문하고 있습니다. 돈도 경쟁이고 광고도 능력이겠으나 소비자는 허위광고를 보고 주문하는 건지도 ㅠㅠ 배민업체들 등록한  오픈시점을 날짜 를 정확히 기입해둔다면 고객들이 주문수를 보고 믿고 판단해서 주문하는 데 혼돈이 안 되고 리뷰 참고도 하면서 주문할 수 있을 것 같네요.,2
Google 사용자,20190226,잘쓰고있다가 방금 어플 실행하니까 잘못된요청입니다 (오류코드 40000000) 다시시도 누르면 무한루프네요 이상해서 어플삭제하고 폰 껏다켜서 다시설치해도 똑같음 뭐어째야되는건지; 집에 와이파이로 해도 똑같고 데이터로해도 똑같음; 개빡치네연;,1
Google 사용자,20200120,전반적으로 다 만족해서 쓰고 있는데 예약주문이라는 기능을 가게에 충분히 인지시켜주시고 받아들인 업체만 사용할 수 있게끔 했으면 좋겠어요. 예약주문 할 때마다 바로 배달와서 당황시키고 주문 요청사항에도 예약주문이라고 까먹을까봐 적어놨는데 그쪽에서 이해를 못해서 주문 잘못한 거 같다고 하고 얘기를 더 해줬는데도 바로 배달을 와서 서로 불쾌하고 난처한 상황이 일어나는데 충분한 설명을 업체 측에 해주셨으면 좋겠네요 이해도 못한 가게에서 사용할 수 있게 허용해두고 주문자 탓으로 돌리는데 서로 감정만 상하네요,4
Google 사용자,20181216,설치한지는 좀 되었는데 이제야 리뷰 남기네요. 한번 적응하니 편리하구 좋아요. 잘쓰고 있습니다 ㅎㅎ 앱 키면서 항상드는 생각이 메뉴 선정인데요. 단순하게 메뉴 나열보다는 한쪽 공간에 몇개 질문을받아서 메뉴종류를 추천해주는 란이 있어도 재밌을꺼같아요.,5
kimzi킴지스,20201230,"배민은 채팅상담팀과 상담봇 개발진을 혼내야 할 거 같습니다. 물론 상담량이 많으면 상담이 진행되지 않을 수 있지만, 주문완료 후 해당 채팅방 연결이 매끄럽지 못합니다. 연결은 배달시간 무관하게 완료 후 보통되며 이때 팝업 눌러서 들어가도 채팅이 쳐지지 않음 (보내기 실패). 그러고 얼마 안지나 바로 무응답 종결처리까지... 개발도 더 하고, 채팅전담 인원도 더 뽑는게 어떨까요",2
ByoungSun Park,20201029,배달의 민족이 대한민국 최고의 배달앱이라는 것은 뜻깊이 인정하고 있습니다. 타 회사의 배달앱보다도 확연한 차이가 있으며 정말로 최고의 배달앱입니다. 그런데 한 업소에서 한 카테고리(야식)에서 동일한 업소가 8개이상 중복되어 나타나는 경우가 있습니다. 물론 같은 카테고리에서 광고 허용 범위의 제한이 없더라도 같은 카테고리에서 광고의 개수를 제한하지 않는데에 있어서 불편함이 많습니다. 흔히 도배라고 하죠. 이런 것을 막기위해 최소한으로 같은 카테고리의 광고 개수를 제한하는 것을 요청드리고자 합니다. 긴 글 읽어주셔서 감사드리며 감사인사 드립니다. 지금 코로나19시대에 걸맞는 최고의 앱입니다. 항상 수고하시고 응원하겠습니다.,5
스피카,20210712,개편 하기전으로 돌려주십쇼 최악의 유저 경험이네요. 특히 메뉴 아래위로 스크롤할때 민감도를 높게 세팅을 한건지 좌우 메뉴로 수시로 바꾸는 통에 짜증을 유발합니다. 디자인도 특별해진게 없고 사용자 경험은 더 불편하게 바뀐 최악의 개편이네요. 점점 앱 사용 빈도가 줄고있음,1
Google 사용자,20191102,다른 배달앱보단 좋아서 자주 사용하고 있습니다. 그리고 1인분 메뉴은 좋은 아이디어인거 같습니다만 특정가격이하는 배달비를 받는것에 대해서 굳이 1인분 메뉴가 필요한가라는 의문이 드네요. 배달비가 싼것도 아니고 배달비를 안내기 위해선 특정가격까지 주문해야하는데 1인분의 의미가 있습니까?,5
Google 사용자,20200403,"1. 음식점 리스트 중 수수료 가장 비싼 오픈리스트. 기존 랜덤 3개가 최상단에 떴는데 이젠 제한 없음. 오픈리스트 가입하지 않으면 가게가 보여지지 않음. 점주들 수수료 오지게 빼먹으려고 꼼수 오짐; (점주들 위하는척 고객 위하는척 기만도 오짐) 2. 점주들이 고객한테주는 쿠폰도 오픈리스트 가입자만 줄 수 있게함ㅋㅋ;; 오픈리스트에 안올리면 아래에 묻히고, 고객한테 쿠폰 제공도 못하고. 이건 강제고 횡포입니다.",1
김지우,20201231,"회원으로주문하려면 isp설치하고, 페이북으로 회원가입후 카드등록하고, cvc 비밀번호쓴후. 결제할카드 등록후 결제. 이렇게했는데  해당카드는 결제요청시 선택하신카드사와다릅니다 뜨니까 뇌절이와서 때려치고싶네요. 결제한번하는데 할게 지나치게 많은것같아요. 요기요는 카드등록후 결제. 간단하게 결제되는데 차이 심하네요. 배달하고싶은집이 요기요에 없어서 어플사용하게 되었지만, 구매하기까지 10분정도 번거롭게 시간 들여야된단게 속상하네요. 답답해요참, 어차피 배달음식 할인목록도 적은것같구요..",1
Google 사용자,20190407,"언론에 노출된 이미지가좋아서 계속쓰고있는데, 사용도에 비해서 혜택은 크지않구요. 요즘들어 장바구니에 다른매장정보로 올라오거나 결제정보가 이상하거나 결제가 한번에 안되는 경우가 발생합니다. (결제 이상하면 심히 불안합니다) 어쩌다가 발생한경우라 다음에 또 발생하면 캡쳐해서 올리겠지만 에러가생길까 걱정한적 없이 사용했었는데 살짝 불안해지고 있네요. 인지도가 올라갈수록 사용도가 높아질수록 긴장하시고 잘 관리해주시기 바랍니다.",3
Google 사용자,20190608,갈수록 어플이 걸래가 되가네요. 단순한 어플이 뭔 기능이 필요하다고 쓸데 없는 기능만 추가하며 최적화를 말아먹는건지? 점점 무거워 지더니 결재하는 것도 어려워지네요. 비지니스 방침 다시 생각 해보시길.,1
Google 사용자,20190804,몇달동안 개속 사용하는데 너무 잘사용하고있습니다! 도시락쪽 에 한솥이란곳이 있으면 좋겟지만 아쉬워도 메우 잘사용하고있고 결재하는것도 매우편하고 사용하기도 편해서 좋습니다. (도시락쪽이 좀더 좋은곳이 있었으면 좋겟습니다..),5
Google 사용자,20190328,원래 멀리까지도 표시가 됫었는데 갑자기 바뀐뒤로 근처 가게만 표시되네요 가게들이 그래서 몆개밖에 안떠요 설정할때 가까운순 멀리까지보기 5키로내까지 보기 이렇게해서 멀리있는 가게도 설정하면 다 떴었는데 그게 기능에서 없어졌어요. 배달도 다 가능했던가게들이었구요. 근데 이제 코앞가게만목록에 뜨네요 너무불편합니다. 멀리있는 가게들도 표시되게 이전처럼 수정해주세요,3
Yunhee Choi,20220318,1. 화면 스크롤을 할 때 자꾸 위아래가 아니라 좌우로 넘어가서 너무 불편해요. 2. 먹어본 집은 가게 리스트 상에 표시가 되면 좋겠어요. 주문한 횟수 표시면 더 좋구요. 주문기록은 단순 나열식이라 다시 먹고싶은 집을 찾기도 힘들고 다신 안먹을 실망한 집을 기억해내기도 어렵습니다. 3. 검색 정확도를 높이기 위해 필터에 음식점 종류를 구분하는 기능을 추가하면 좋을 것 같아요. 스테이크가 먹고 싶은데 파리바게트만 줄줄이 나오는 건 번거롭잖아요. 4. 대체 가게 연락처는 왜 안 적어 두시는 건가요? 전화연결 기능도 다 빼버리고... 고객센터도 무조건 채팅연결만 가능한데 그나마도 응답이 바로바로 오는 것도 아니라서 배달실수가 발생하면 정말 번거롭습니다. 자주 이용하는 앱이고 덕분에 편하게 맛있는거 잘 먹어서 좋기는 한데 사소한 불편사항으로 만족감을 잘 느끼질 못할 때가 종종 있어서 아쉽습니다.,3
Google 사용자,20190811,"배달시키려고 하는데 장바구니 상태에서 오류나서 결제가 안 되는 상태가 30분째 지속되네요. 저만 그런게 아니고 옆에 여친도 같이 시도하고 있는데 계속 이 상태구요. 어플을 다시 깔아도 안 되구요. 배달음식 주문집중시간에 과부하가 걸리는 건가 싶은데, 이런 시간대에도 원활하게 어플이 돌아가게 운용하는게 당연한거 아닌가요?",1
Google 사용자,20181101,"일단 배민 덕분에 배달앱으로 맛있는음식을 많이 접할 수 있어서 너무 잘이용하고 있습니다. 한가지 건의를 드린다면, 배달앱이라는 취지는 좋으나, 기본적인 음식이라 하더라도, 보통 기본적인 콤비네이션 피자를 시켜도 그 음식의 실제 이미지가 함께 보여야 대략 음식이 어느 느낌인지 알 수 있지 않을까, 라는 의견을 드리고싶네요, 이름만 보고는 어떤 음식일지모르실 수 도 있는 고객들의 궁금증 및 편의도 개선되면 좋을것 같습니다😊",5
Google 사용자,20190302,우선 배달업체 광고가 너무 많습니다. 두번째는 주문직전 주소바꾸기 안되는게 매우매우매우 불편합니다.(메인메뉴로가야되서) 평점은 몇일 뒤에도 남길수 있도록해주세요. 서비스 엉망인 곳 화나고 참다가 알리려하는데 시간이 초과되서 안되는데. 몇일 유예를 주시면 좋겠습니다. 그래도 잘 쓰고있습니다. 감사합니다.,3
나나,20210106,"잘쓰고있어요 그런데 몇개만 개선해주셨으면해서ㅠ 1.음식점 메뉴별로 후기 볼수있게해주세요 2.정확히 뭐뭐시켰는지 뭘추가했눈지 다 뜨게해주세요 맛있어보여도 뭔지를 모르니깐 시킬수가ㅠ 3.사진리뷰 전체보기가능하게해주세요 그래서 전체보기해서 맛있어보이는 사진 눌러서 그메뉴 확인하고 주문할수있게 그러면 너무편할거같아요.. 2,3까진 그렇다치고 1이 너무간절해요 1이안되서너무불편해요",4
나라,20201025,"안녕하세요 배민을 거의 매우 이용하는 사람입니다. 한 가지 건의사항이 있어서 리뷰를 남겨봅니다. 현재 다양한 기능이 생기면서 많이 편리해졌습니다. 하지만 배달팁 2,000원 이하 1,000원 이하를 설정해도. 배달팁 0~4,000 이런 가게도 검색이 됩니다. 1인분만 시켜먹는 저로썬 상당히 쓸모 없고 불편합니다. 그래서 건의하고 싶은 내용은 최소 배달팁, 최대 배달팁 항목이 추가되어 최소 1,000원 이하 ~ 최대 2,000원 이하 이런식으로 설정해 배달팁 1,000원 ~ 3,000원으로 등록된 가게들은 출력이 안되도록 했으면 좋겠습니다.",4
Google 사용자,20190204,"음식을 배달해 먹는 것이 매장식사보다 가격이 몇천원 비싸고, 브랜드 할인 이벤트가 적용되지 않아도 어차피 차비 따지면 그게 그거다 생각하고 이용했는데, 최소주문금액에 배달비까지 따로 생긴 거 확인 후 방금 삭제했습니다. 그간 편하게 이용했는데 이제는 가격맞추려고 3인분 주문 + 배달비 따지니 혼밥하는 사람이 한끼에 2만원을 넘게 써야하더라구요. 앱자체는 좋아서 그동안 잘 사용했어요. 다만 이제는 제가 쓰긴 힘든 앱이네요. 나중에 동거하거나 결혼하게되면 다시 깔겠습니다.",2
지구,20210610,왜 다 한번씩 더 누르게 만드는 업데이트를 한건지..? 글고 검색창 바로 안되고 한번 더 들어가게 만든건 누구 발상인가요 ㅋㅋ. 그냥 옛 네이버처럼 실시간 검색어를 검색창 밑에 만들던지;; 너무 대충 업뎃했네요. 메인 검색창을 구현하는게 아니라 그냥 기존창을 메인 버튼에 연결한... ㅋㅋㅋ 이게 무슨 바로 검색이야 ㅋㅋㅋ,3
Google 사용자,20200322,주문내역 보려고 하는데 정보를 불러오지 못했다고 계속 로딩중만 뜨네요...방금 주문한 내역 뿐만아니라 지금까지 주문했던 내용들도 확인을 할수가 없어요. 그전까진 잘 되다가 갑자기 이래서 핸드폰 문제인지 통신문제인지 싶어 어플도 지웠다 다시 깔아보고 핸드폰도 껐다 켜봤는데도 해결이 안되네요.,3
S hadow,20200919,배달앱을 사용한다는걱 대부분 배달을 시키려고 사용하는 것이다. 근데 배달의민족은 포장도 같이 사용하고 있다. 그래 그건 그렇다 치자. 근데 몇몇 상품은 처음부터 포장으로 체크되어 있었다. 멋모르고 주문시키면 주문이 안온다.... 나중에 알고 찾으러 가야 한다. 처음에 배달로 체크가 되어있어야 하는게 당연한게 아닌가?,1
Google 사용자,20190324,"깔끔한 인터페이스와 업체수로 올킬! 여러 배달 어플들이 있지만 배민에만 손이 가네요. 하나 아쉬운 점이 있다면 메뉴 부분인데요, 메뉴탭 슬라이드 하다보면 오른쪽에 분류(?)란이 떴다 빠르게 사라지는데 조금 더 오래 유지되면 좋을 것 같아요. 그 외에는 모두 만족! 잘 쓰고 있습니다^^",5
Google 사용자,20190811,"별 한개가 기본으로 되어야 하나보네요ㅡㅡ 카드 결제만 되고 업체에 접수는 안들어가있고 이게 무슨 황당한 상황입니까?!! 혹시나 주문접수 들어갔을까 싶어 직접 매장에 전화로 확인해보니 업체사장님 말씀, 접수는 커녕 이런전화 지금 몇통째 받는지 모른다고 하시네요! 쿠폰도 분명 사용되었는데 뭐가 오류여서 완료는 안되게 해놓은건지ㅡㅡ 결제완료 화면으로 안 바뀌고 계속 돌기만 하는와중에 내 신한판페이 앱에서는 칼같이 결제알림 보내주고ㅡㅡ;; 아니 결제는 그렇게 귀신같이 해가놓고 뭐하자는겁니까?!!! 빨리빨리 취소처리 해주세요!!!",1
Google 사용자,20190414,이용이 간편해서 대부분 배민만 사용했었는데 얼마 전 업데이트 후부터는 일정시간대에 앱 주문이 안되고 전화주문만 되는군요. 업체에게 좋은 기능인지 뭔지는 모르겠지만 소비자입장으로서는 불편하기만하고 딱히 배민을 쓸 이유가 없어졌습니다. 어차피 전화로 주문할꺼면 찌라시도 충분하고 쿠폰도 넘쳐나니까요. 하루 빨리 수정이 되었으면 좋겠네요.,2
백성준 Baek Seongjun,20211204,"안드로이드 앱이 ios 앱에 비해 너무 구더기입니다. 플래그십에서도 반응 이렇게 느린 앱은 정말 하꼬 개인이 만든 앱이나 일부 주식 앱 빼면 흔치 않은데... 개발진들 게으름 탓이 크다고 봅니다. + 전반적으로 많은 기능들이 정리되지 못한 느낌이 강합니다. 메뉴 레이어의 층위, 하단 탭 등등 기타 ux에 대한 이해도가 도무지 느껴지지를 않습니다. 이건 안드로이드, ios 앱 공통적인 불만 사항입니다.",1
Youl j,20210702,배민 초기부터 사용했던 1인으로써 바뀌기전이 훨씬 낫네요 요즘 쓰기 너무 불편해서 그만쓰고 싶을정도로 답답해요.. 먹던 메뉴만 자주 먹는편이라 주문내역에 들어가서 찾아 먹는데.. 주문내역 여러창으로 바뀌고나서 제가 자주 이용하는 배달.포장 누르면 렉먹은거마냥 화면이 하얗고 아무것도 안보여요 컴퓨터로 급하게 뭐해야되는데 렉먹어서 로딩안될때 키보드 뿌시고싶은 그런느낌 뭔줄 아시죠? 바뀌기전엔 이런적 한번도 없었거든요 그냥 안쓰고말지 정말 열불터져요ㅡㅡ 그리고 배민1은 왜 리뷰이벤트같은거 없나요 리뷰도 보기불편하고 랭킹순위 보는것도 맛집랭킹처럼 한눈에 알아보기 힘들게 사진만 너무 커서 불편하고 쇼핑라이브니뭐니 그냥 전부 조잡해요. 배민이 1위였던건 다른앱들보다 심플하고 쓰기편한 장점이 있어서라고 생각하는데요.. 제가 그랬으니까요 그런게 없어져 버렸네요.. 제가 삼성폰만 사용하는데 이유가 애플보다 심플하고 사용하기 편해서였는데 그장점이 사라져서 더이상 쓰기싫은 그런.. 뭔줄아세요?ㅠㅠ,1
cho co,20210625,리뉴얼된 창쓰기 너무 불편해요ㅜㅜ 첫화면에 찜등등 볼수있는 아래 메뉴창이 없어지고 배달화면으로 들어가도 정가운데에 첫창으로 돌아가는 버튼이 있어서 불편하고요. 다른 메뉴창들도 더 잘 보이게 하시려는건 알지만 너무 불편해졌어요.,3
Google 사용자,20190425,"선착순이벤트 피해자입니다.밑에 결제취소된분들은 운이좋은겁니다.저는 결제시 결제카드옆에 3000원할인있는거보고,결제진행했는데,결제하고보니 할인안되서 연락바로했는데,결제하는사이에 선착순이다된거같다고매장에서 음식준비들어갔다고 취소도안된다고 하더라고요.담당자가연락준다고했는데,연락안왔네요. 이건 이벤트가 아니라 장난질같네요.",1
Google 사용자,20190415,왠만하면 리뷰 잘 안남기는데 이렇게 남겨드립니다.일주일에 2~3번 정도 이용합니다.이번에 처음으로 치킨 이벤트해서 도전했는데 5시에 땡 하자마자 도전 했는데 쿠폰은 발급 받았으나 바로주문하니 대기 인원수가 21000명에서 25000명으로 바뀌고 그래도 몰라서 대기하니 인터넷이 원활하지 않다고 나오구요 화면이 안 넘어가는건 기본이고 혹시나 몰라서 폰이 조금 느리거나 그런것도 아닙니다.갤럭시s10 쓰구요 선착순 결제 많이 해봤습니다. 여기보다 더 치열한 나이키나 다른사이트 도 이용해보았는데 여기는 선착순 하기에는 문제가 많네요 무조건 싸게해서 홍보보다는 제대로 인터넷이나 시스템에 대한 구축을 하시구 이벤트 하셨으면 합니다.,1
양여진 (라랄라 물고기),20220308,음식 메뉴에 있는 작은 회색 설명 부분이 잘리는게 불편해서 음식의 상세페이지에서라도 볼 수 있게 해달라고 리뷰 올렸었는데 이번에 개선되어서 너무 좋아요! 역시 똑똑쟁이들이 모인 회사로구먼 ------------ 이전리뷰 ------------ 정말 잘 쓰고 있는 앱이에요. 근데 음식 메뉴에 있는 작은 회색 설명 부분을 음식의 상세페이지에서라도 볼 수 있게 개선해 주실 수 있나요? 그 부분에 세트메뉴 구성에 대한 소개가 많은데 자꾸 중간에 잘려서 정보를 온전히 전달받지 못하는 게 조금 많이 아쉽네요. 하나 뺀 별점은 이 부분이 개선되면 다시 추가하러 오겠습니다!,5
강래형,20200630,"배민라이더스앱을 사용하는데 여기가 맞는지 모르겠네요... 오늘 30일 아침에 앱을 눌렀는데 4.14.0 업데이트 하라고 해서 누르면 다운로드창이 나오고, 다운로드창 누르면 다운로드를 시작합니다 라고 뜨고 몇초 후 파일이 저장되었습니다.. 라는 멘트 후 그 이후 진행이 안됩니다. 그냥 다운로드 버튼이 있는 화면에 그대로 머물러 있습니다.. 폰이 멈춘건 아닙니다 폰은 삼성A31 구입한지 한달도 안되었습니다..",1
仁俊,20210803,업데이트된거 디자인 너무 불편해요. 배민1 부분에서 음식점 둘러보는데 빨리 한거번에 여러음식점 종류 보는게 관건인데.. 이건 뭐;; 음식점 소개 칸이 너무 크니까 스크롤할때 정신없고 손아프고요. 공간 낭비심해요. 전처럼 한번에 여러개 음식 볼수있게해주새요 짜증나요.. 아니 배고플때 간단하게 여러 음식점 봐야하는데 진짜 불편하고 이상해요.,1
Google 사용자,20181027,실수로 결제했을때 2분안에 바로 앱에서 취소할 수 있었으면 좋겠... 너무 늦게 온다는 글을 못보고 결제후 바로 취소할라했더니 취소메뉴가 없어 전화. 근데 번호입력하래서 내번호 내가 입력했는데 자꾸 아니라고함.. 결국 주문들어간듯하여 취소포기.,4
Google 사용자,20190414,"장점: 1. 서비스 하는 가게 종류가 많아서 좋다. 2. 인터페이스가 깔끔하다. 그래서 다른 곳으로 안가고 계속 쓰는 중이다. 단점: 1. 업계 1위를 먹어서인지 할인이라곤 선착순 또는 500~1000원 할인해주는 짤짤이 할인 뿐이다. 거기에 옛날 블랙 등급이 있던 시절엔 5천원 할인권으로 한방에 통크게 줘서 좋았는데 어느 순간 3천원, 2천원으로 쪼개지더니 이젠 더 가관이되었다. 2. 타 업체랑 달리 매번 선착순 이벤트만 고집해서 서버 터지는 이벤트는 덤으로 열어준다. 지금도 주문창의 참고사항에 글 쓰다가 벌써 5번째 메뉴 선택 창으로 팅겼다.",2
su lee,20200929,"어플 평점이 엄청 낮네요.. 저는 음식점 배달보다 B마트를 넘넘 잘 애용하고 있습니다. 방금도 b마트 주문해놓고 문득 생각나서 평점 남기는 중이에요. 물품도 꽤 다양해서 급히 필요한건 웬만하면 있는것같고, 배달비 없는데다가 쿠폰으로 더 저렴하게 살수있어서 진짜 좋아요. 아 다만 샐러드 채소같은거는 좀 별로였어요. 개인적으로 b마트도 후기 기능 있으면 더 좋을거같기도 해요.",5
Google 사용자,20191104,"배달되는 곳도 많고 쿠폰도 있어서 좋은데, 만나서 결제 시에도 쿠폰을 적용할 수 있도록 해주셨으면 합니다. 배민에서 자주 시켜 먹는데 사정상 만나서 결제로 해야 하는 경우가 많아서 vip쿠폰을 쓰지 못하네요. 같은 서비스를 제공받는데 만나서 결제 시에는 쿠폰을 적용할 수 없는 이유를 전혀 모르겠습니다.",3
Danny P,20210626,고급인력들로 구성되서 UI/UX를 개발했을텐데 수준이 이정도 밖에 안 나오나요; 버그 픽스도 안 하세요? 검색이 안 되는데 고객상담으로 요청해도 며칠이 지났는데 픽스도 안 하고 QA는 하고 있어요? 뭔가 많이 담으려고 했는데 UI/UX 개박살 내놓고 사용성 고려는 많이 안한 느낌 너무 강합니다. 누가 컨펌한건지 정말 참담하네요. 다시 개선하세요...,1
정윤지,20200831,다 좋은데 🙏추가되길 바라는 기능🙏 1. 어플리뷰를 보니 어떤 분이 주문했던 내역에 대한 메모기능(본인만 볼수있는)을 원하시던데 추가되면 너무 좋을것 같네요 2. 주문시간이 아니어도 장바구니에 담아둘수 있게만 해주세요ㅜㅜ주문하기 버튼을 막아두시는건 어떤지.. 3. 여러 음식점들의 음식을 장바구니에 담아둘수 있으면 좋겠어요 지그재그에서 옷 쇼핑하듯이 담아두고 주문할땐 원하는 가게만 체크해서 주문할수 있게 하는거 어떤가요?여러 음식점에 중복 주문이 걱정된다면 장바구니에 담고 주문하기 선택할땐 가게 체크를 한 곳만 가능하게 제한하는것도 좋을듯 하네요 가능하다면요😭,4
Myung-Soo Park (ParkLRain),20200910,뭐하자는겁니까? 배민오더 지도 어디다 가져다 버렸나요? 업데이트로 목록으로 보게 바꿨으면 다시 지도로 들어가는 메뉴도 만들어놔야할것 아닙니까? 제가 못찾았나 하고 10분을 넘게 앱을 뒤져보고 있는데 배인오더 가게 지도가 안보이네요. 지도로 들어가서 옆동에 있는 가게에서 포장해서 가져오려고 하는데 안보여서 주문을 할 수가 없네요. 설마 옆동 주소로 바꿔서 주문하라는건가요? 원래대로 돌려놓던지 지도버튼을 넣던지 빨리 해결바랍니다. 밥 시켜 먹으려다 어이가 없네요.,1
김지담,20211205,"편해서 애용했었는데 최근들어 불편해졌습니다 ㅋㅋ 1) 메뉴가 많아졌는데 감당이 안됨, 특히 원하는 가게를 검색하기 불편함. 배민1 카테고리 안에 검색 ui가 없는건 진짜 미친것같음 2) 쿠폰을 배민1에서만 사용할 수 있는 이벤트를 하는데 관련가게 노출에 배민1이 아닌 가게도 노출시켜서 혼동이 옴 사실 2번때문에 개빡쳐서 리뷰적으러 온게 가장 큽니다. 제가 개발자는 아니지만 이 정도는 솔직히 내 주변 가게 노출 관련 로직 조금만 건드려도 쉽게 고칠 수 있을 것 같은데............ 어떻게 좀 해주시면 좋겠습니다.",2
노한음,20201030,주문하려고 보면 메뉴 사진이 항상 잘려있어서 보이지가 않던데 고쳐주실 수 있을까요? 적어도 사진 보면서 주문하는 편인데 사진을 볼 수 없으니까 너무 불편하네요.. 핸드폰에 문제가 있어서 그런가 하고 삭제했다가 다시 깔아보니 그건 아닌 것 같아요ㅠㅠ 빠른 개선 부탁드립니다.,3
Iris.s,20211223,주문취소버튼도 없어서 잘못했을때 바로 취소하고 싶으면 따로 업체에 전화해야 한다는 점이 너무 불편합니다. 최소금액도 너무 높고 배달료도 시켜먹지 말라고 하는건지 높게 측정되어 있는 가게도 너무 많아요. 배달료는 편의를 위한 비용이라고 생각해서 감안했는데 여기서 배달료 더 오르면 그냥 배달 안시키고 집 주변에서 사먹으려고요.,1
Google 사용자,20190621,그동안 잘이용했는데 이번사건은 너무 한거 같아요.. 더군다나 배달앱 최초로 개발을 해서 신뢰도도 엄청 좋았는데 쿠폰은 거의 1000원만 주시고 그것도 메뉴한정이고 차별이 너무나도 크네요ㅜㅜ 저도 깔끔하게 삭제 갑니다. 그리고 언제부터 배달수수료를 고객이 부담하게되었나요? 그냥 부담없이 짜장면 먹던시절이 그립네요...,1
Kuma jin,20201017,평소에는 다른 어플을 주로 이용하다가 오늘 배민 어플을 깔고 오늘 등록 하고 첫주문 하며 느낀점 공유 드립니다. 1.회원가입부터 주문까지 정말 무슨 인증은 그렇게 몇번씩이나 하는지...몇번이다 포기하려다가 그래도 참고 첫 주문을 하였습니다 2.첫주문 끝나고 보니 배너에 첫주문 1만원 쿠폰이 보여서 들어가보니 이미 저처럼 쿠폰을 모른채로 첫주문을 정상가격으로 주문 완료 한사람은 영원히 받을수 없네요^^;;; 자동 쿠폰등록이나 사용이 되는것도 아니고 미리 알고 챙기는 분들만 사용이 가능합니다. 고객 관점에서 조금 더 편하게 가입할수 있게 하고 주문할수 있게 하지 않으면 경쟁사 앱 대비 사용을 안할것 같습니다. 그래도 배송기사님이 보내주신 안내 문자는 감사했습니다.,3
개발자,20211111,첫주문 할인이 쿠폰을 가지고 있어도 첫번째로 주문해야 적용 되는 것 같더군요. 심지어 할인 적용 하기까지 검정색으로 활성화 표시가 되어 있는데도 누르면 적용 안되는게 불합리한 부분이라 생각됩니다. 두가지 시키려고 했는데 시키는 순서 때문에 할인 적용을 못받게 되어 아쉽습니다.,1
G Kim,20220226,"배달현황도 확인이 안되고, 두번연속 1시간반 걸려서 도착했어요. 외부업체에서 배달하는거라 배달현황 확인이 안된다고하면 메뉴준비중이라고 뜨면 안되죠. 메뉴준비중인지 배달중인지 어떻게 아나요? 확인불가라고 적어놔야지요. 이렇게 평가 잘 안남기는데 개선할곳이 많아보입니다. 전 이만 삭제합니다.",1
김동우,20210505,선물하기 상품권이 제약이 너무많아요 예전에도 다른폰으로 유사한 내용을 요청하였는데 여전히 업데이트가 안되네요 일부금액 사용하기도 안되고 상품권이랑 매장쿠폰을 같이 쓰려면 오류나 사용하기가 너무어렵네요.그럴꺼면 상품권을 선물해서 쓰는 이유가 없어보여요. 상품권을 금액권으로 팔았으면 내가 원하는 금액만 결제하고 다른 복합결제가 가능하도록 빠른 시간내 업데이트 부탁드립니다.,1
설재훈,20210216,"배달의 민족 어플 잘 쓰고 있는데요, 다음 업데이트시 반영을 해주셨으면 하는 부분이 있어서요. 즐겨찾기 하는 찜하기 기능이 있어 좋아요. 아쉬운 점은 맛이없었거나, 위생적이지 않거나, 친절하지 않아서 다음에는 주문하고 싶지 않은 업체를 체크할 수 있는 메뉴가 생겼으면 하는 바람이에요. 업체에는 노출 되지 않고 주문자 개인 메뉴에만 체크할 수있게 만들어 주셨으면 좋겠어요.",4
the oracle,20210814,앱이 점점 퇴화되는듯. 뭘 볼려고 하면 전과달리 두번이상 눌러들어가야되고 검색도 누른다음에 다시 검색또눌러야 검색할수있음 앱개발자 자르고 다시 뽑는게 나을듯 메인화면에서 할수있는게 없는 거지같은 앱 오랜만에 경험하는듯,1
박승원,20200724,이 앱의 목적은 손님과 음식점의 다리역활 아닌가요? 근데 다리를 만들더니 통행세를 받고 통행세를 만들더니 차단기를 달고 차단기를 달더니 경비까지 배치하는거 같은 기분이 드는건 왜일까요? 배달음식을 편리하게 접하는건 손님과 점주 모두가 되야됩니다. 이건 편리인가요 정치질인가요,1
Google 사용자,20190504,어떤 지역에서든 위치만 맞추면 쉽게 주문 가능한 점이 좋네요. 그러나 메뉴가 많은 곳은 특정 메뉴 외에 이미지가 없고 스크롤 하여 빠르게 메뉴를 스캔하기가 어렵습니다.,4
슈슈,20210706,11.1.1 버전 업데이트 진짜 별로입니다 여러가지 있지만 무엇보다 메인화면에서 하단메뉴 없앤 게 최악입니다 찜한 가게 위주로 주문하는데 매번 한단계 더 들어가야 하니 진짜 불편합니다 그리고 페이지들이 난잡하고 정신 사나워요 음식 이미지들 덕지덕지 있는 거 사람들 별로 안 좋아합니다 스크롤 양만 엄청 늘잖아요 네이버 같은 포탈을 봐도 심플을 추구하는 쪽으로 가는데 여긴 거꾸로 가네요 서비스가 많아질수록 심플하고 직관적으로 가야 합니다 그리고 요기요처럼 메뉴에서 해당 메뉴의 리뷰들로 직접 연결되는 기능과 리뷰에서 주문옵션 볼 수 있는 기능 좀 만들어주세요 요기요에서는 원하는 메뉴만의 리뷰들 모음으로 바로 갈 수 있어 리뷰 페이지 전체를 뒤지지 않아도 되니 편하고 리뷰에서 주문옵션을 볼 수 있어서 저게 짜짱면 보통인지 곱빼기인지 광어회 소자인지 중자인지 등 주문상황을 정확히 확인할 수 있어 많은 참고가 됩니다,1
kor Julia,20220313,"배달비 0원~이러는 가게들 대다수가 실질적으로 도달하지 않는 금액을 주문하면 0원이다는 식으로 기만함. 일반적으로 주문하는 금액으로 따지면 3,4천 이상임. (음식값이 비싸봐야 2,3만인데 배달비 0원하려면 30만원 이상 주문해야한다거나) 실제로 배달비 없거나 솔직하게 배달비 오픈한 가게들이 다 가려짐. 등급에 따라 주는 쿠폰 금액 줄어들고, 엘포인트도 사라진거 알겠는데 저 부분이 굉장히 불쾌함.",1
JINO,20201225,리뷰남기면 주문한 메뉴의 상세적인 정보가 입력되도록 업데이트 안될까요? 리뷰를 보고 주문을 하는 경우가 저뿐만 아니라 많은 사람들이 마찬가지라 생각됩니다. 하지만 현재 큰메뉴 안에서 상세적인 부분또한 명시가 되어진다면 앞으로 배민을 사용하는 부분에 있어 큰 이점이 될 거라 생각됩니다. 어려운 코딩이 들어가는것도 아닌 외주를 맡겨도 빠른 시간내에 적용할 수 있는 부분이라 생각됩니다.,4
김현아,20220115,첫주문 할인쿠폰을 꼭 배민페이 결제시에만 사용하게 하는 게 너무 불편합니다. 배민페이 등록도 이미 결제수단으로 등록한 카드로는 안 되고 계좌로만 설정할 수 있던데 원래 그런 건가요?? 다른 어플은 쿠폰 사용시 해당어플페이를 이용안해도 결제가 가능한데.. 이렇게 하시면 불편하고 속 보여서 가급적 이용 안할 거 같네요.,1
Fwangmi,20210615,"업뎃 이후로 배달포장 검색할 때, 검색어 입력창에 터치를 해도 텍스트를 기입할 수 있는 키보드가 나오지 않아 업체명이나 음식명 자체를 기입할 수가 없습니다. 마트장보기는 나오는데 왜 안나올까요? 어플과 폰 재부팅 후에도 나오지 않아서 이렇게 글 씁니다. 갤럭시 유저입니다.",1
곰도사,20210616,"배민 사용 정말 많이 불편해졌습니다. 왠만하면 리뷰 쓰지도 않는데 예전께 훨씬 간단하고 편했는데 쿠ㅇ이ㅇ 따라하려고 디자인 한 것 같기도 하고 배달,포장 누르고 들어가면 예전꺼 그대로 나오고 뭐하러 앞에 덕지덕지 붙여놓은거 같은 기분이 드네요. 예전에는 메인에서 찜도 바로 들어갈 수 있었는데 누르고 또 눌러서 내가 찜해둔 가게 바로 들어갈 수 있게 해둔것도 아니고 번거롭게 또 눌러서 들어가고...ㅡㅡ새로이 더 편한 개편이 아니라 번거로움이 뭔지 보여주겠다~라는 업데이트 같습니다. 예전 편한 방식으로 돌아갔음 좋겠습니다!",1
Google 사용자,20190224,"항상 유용하게 쓰고있습니다. 어플 관련해서 제안 하나 드려도 될까요? 대부분의 가게들이 기본으로 일회용 젓가락, 숟가락을 제공하는데 일반 가정에서 먹으면 사실 쓰지 않는 경우가 더 많을 것 같습니다. 저도 수저는 원래 집에있는걸 쓰다보니 사용하지 않은 일회용품이 나날이 쌓이고 있구요. 일회용 수저가 필요한 사람만 받을 수 있게 모든 가게의 주문옵션에 일회용 수저 신청 옵션을 넣으면 어떨까요? (주문시요청사항 혹은 결제방법 하단 등에 위치) 일회용품 사용을 줄이려는 정부 시책에도 부합하고, 기본값을 수저받음으로 해놓되 수저받기버튼을 해제할수있게 하면 필요없는사람은 받지않을수있으니 의도치않은 수저누락으로인한 불만도 없을 것 같습니다. 검토부탁드립니다. 감사합니다 ^^",5
Google 사용자,20190113,배달앱 사용을 고민하다 처음 사용했는데 괜찮네요. 이전에는 그 음식회사 앱만 이용했는데 이앱은 처음 주문할때 리뷰가 있어 참고할수 있어 좋으네요. 그런데 배달 시간이 생각보다 긴건 맞는듯 해요. 다른 배달앱과 비교평가에서 배달시간이 가장 길었는데 왜인지 알것 같아요. 추가로 배달 시간 참고가 있다면 좋을것같아요. 정말 맛있는 곳은 기다리더라도 주문할거지만 막연한 기다림은 아닌듯 해요~,4
Kang Nam,20210930,"2번째 문의하는건데요 배민페이로 결제할때 결제 비밀번호를 입력할때 숫자창이 사라진다구요, 여기서 뭘 더 어떻게 설명을 할까요? 비밀번호를 입력하라고 첫화면 나올때는 숫자창이 나와요 거기서 숫자하나를 입력하면 숫자창이 바로 사라집니다 2번째 숫자를 칠수가 없어요 첫화면에서 숫자위치를 외워서 6개번호를 쳐야합니다 그냥 하얀바탕에 눌러지는 표시는 뜹니다. 근데 이게 이상한게 숫자를 잘못쳐도 되는건지 틀린적이없는건지 결제가 되긴해요 며칠째 이렇게 쓰고 있는데 다른데로 넘어가야 하나 생각중입니다",2
Google 사용자,20200308,"언젠가부터 리뷰쓸때 사진 첨부하는 부분이 업데이트된 것 같은데, 왜 사진이 최신순으로 정렬이 안되는거죠? 그리고 모든사진 누르면 폴더별로 정리 됐었는데 또 안되네요. 왜 됐다 안됐다하는건지.. 차라리 갤러리 열어서 선택하게 하던지 했으면 좋겠어요.",3
Google 사용자,20190629,"쿠폰사건부터 말이 많은데 대응도 프로답지 못하네요. 하긴 프로라고 하긴 좀 그런가요 전문직종은 아니니. 무튼 매크로 답변도 그렇고, 대응속도도 그렇고 말로만 하는 개선이 아닌 좀 보여주는 개선이 필요한 시점인것 같은데 말이죠. 아직 심각성을 모르시는건가.. 바로아래 몇개 리뷰만 봐도 고객들 목소리가 어떤지 보일텐데요. 카테고리 정리가 좀 잘되어있다 정도만 칭찬할만 하네요.",2
랑미,20211124,저는 배달의 민족을 다운받지 않았고 당연히 사용도 하지 않고 있습니다. 가입시도 역시 하지 않았습니다. 그런데 1분 전 갑자기 인증번호를 입력하라고 문자가 오네요. 누군가가 자기 번호를 잘못 입력한걸 수도 있지만 확인부탁드립니다. 해당 번호로 가입시도된 계정은 즉시 삭제처리 부탁드려요.,1
Hye-jung Kim,20210425,오늘의할인쿠폰 전체보기 들어가면 해당 업체 이벤트쿠폰이 스크롤 되지 않습니다. ㅇ아랫쪽 쿠폰들 보려고 스크롤하면 화면이 하얘져요. 그리고 그 상태에서 아무데나 터치해보면 랜덤처럼 쿠폰행사 업체로 나타납니다. 예를 들면 흰바탕을 무작위로 터치했는데 맘스터치할인행사가 뜬다거나 뭐 이런식으로요. 업데이트도 했는데...ㅠ,3
shin heewoon,20210327,"도대체 상담센터가 어떻게 운영되는건가요... 주문하자마자 잘못눌러서 주문한지 몇초만에 바로 취소 신청했는데 굳이 상담원이 연결되고 연결되긴 했으나 나랑 채팅중인건지 채팅을 동시에 수십명의 고객과 하는건지 대답 한 번 오는데 기본 3분씩 걸리네요. 결국 취소신청하고 10분이 넘도록 취소가되는건지 아닌지 결과조차 받지 못했고, 그시간이면 주문 이미 들어가고도 남을거같고, 하도 답답해서 그냥 먹기로했습니다... 직원은 아무잘못 없겠지요. 다만 이렇게 시스템을 운영중인 배달의 민족은 정말 개선점을 모색해야 할 것같습니다!!!",1
장희선,20210626,ㅊ첫화면 왜이래요 진짜? 배달 누르고 한번 더 배달을 눌러야되는 번거로움이 있고 배달 빠른 배달이라고 하는데 기사님 일반분이셔서 5분이먄 올거리를 20분걸리고 저녁10시 이후에는 기사님 배정도 안되더라고요? 전에 화면이 편해요 다시 바꿔주세요 많은 사람들이 희망하면 바꿔주셔야되는거 아닌가여?,1
김휘호,20210330,시키는 입장에서 가장 중요한건 편리함이라 생각합니다. 배민 앱과 요기요 앱을 사용해보면 거기서 심한 차이가 보이더군요. 카드 비번 누르는 화면에서 배민은 그게 끝나고도 다른걸 더 눌러야하더군요. 왜 이렇게 복잡한거죠? 요기요에서는 카드 비번 입력이면 비로 주문이 되는데 굳이 이런 방식을 해야했나싶네요,1
고종건,20200915,"배민오더(포장주문) 목록형 개악 최악. 이걸 개발자팀에서 머리 모아 생각했다는게ㅋㅋㅋ 편하긴 뭐가 편해요 그냥 솔직하게 광고 업체 상위로 올려주려고 했다고 말을 해야지. 기존의 직관적인 지도보다 편한게 있나 이용하던 업체들이야 위치를 알지만 모르는 업체들이 쭉 나열되있는게 뭐가 편해. 비슷한 위치에 업체들이 많이 모여있을때, 그 부분 누르면 목록형으로 잘 나왔었구만 누가봐도 광고 업체 상위 노출 시키려는 뻘짓. 이용자들에게 불편을 강제해서 적응 시키려는 고약한 개발자/경영진들.",1
정승균,20210615,가끔 이용하는데 화면이 너무 자주 바뀌어서 불편합니다. 기존에 있던 화면이 문제가 있던 것도 아닐텐데 왜 자꾸 바뀌는지 모르겠네요. 그리고 일회용 수저 기본적으로 필요없음으로 바뀐 것도 불편합니다. 가끔 이용하는 입장에서 일일이 공지를 확인하지 않아서 배달오고 일회용 수저 없는거 확인하고 주문내역 보고 알았습니다. 음식 배달시켜 먹는데 공지까지 확인해야 합니까? 제대로 된 팝업창이나 공지없이 바꾼게 참 그렇네요. 구글 앱 리뷰나 어플 안에서 가게 리뷰같은거 한 번도 써본 적이 없는 사람한테 리뷰 쓰고 있게 만드니 대단하시네요~,1
소금소금후추후추,20210919,배민 잘쓰고 있습니다 :) 다만 한가지 버그를 찾은것같아 리뷰남깁니다ㅎㅎ 플로우 : 앱 실행 > 메인화면 진입 > 메뉴 검색 >  전체  카테고리에 있는 가게 중 하나 클릭 > 가게의 메뉴 클릭 후 뒤로가기 두번 클릭(메뉴 검색결과 화면으로 이동) > 메뉴 검색 결과 화면에서 item의 잔상이 보입니다! 확인부탁드려용~,4
리길,20220322,"배달팁 낮은 순 옵션은 의미가 없어진지 오래인데, 업데이트 안 하시나요? 배달팁 낮은 순으로 검색해도  0원~5500원 인 가게가 상단에 나오고, 1~3인분 주문하려고 보면 지불해야하는 배달비는 2~4천원입니다. 차라리 지역별 추가 배달비를 반영했을 때의 배달비 최고금액이 낮은 순으로 검색할 수 있도록 옵션을 업뎃해야하지 않을까요. 배민은 검색도 불편하고 노출되는 가게도 중복이라 새로운 곳을 찾기도 어렵고... 입점한 가게수와 리뷰가 많은 것이 장점이었는데 이젠 다른 어플도 가게수가 늘어났고, 배민의 리뷰도 신뢰할 수 없어졌어요. 사용하지 않아 불필요한 기능이 잔뜩 늘어나 주문하기까지 터치할 것만 늘었군요. 지금처럼 가끔 카테고리 쿠폰 풀 때 아니면 배민에 손이 가질 않네요. 배달어플의 선택지도 많아진 마당에 어플 이용의 편의와 효율을 더 높여야하지 않을까요?",2
조경수,20211116,"아이디 찾기해서 찾은 아이디로 비밀번호 찾기하면 이메일과 전화 번호를 확인하라고하면서 찾을 수 없는 이런 오류는 없어야하는건 아닌가요. 어플 기반 서비스로 성장했으면 인터페이스도 중요하지만 어플의 자잘한 오류는 최대한 잡아야죠. 로그인 서비스 혜택 많이 만들어놓고 이미 등록되있어서 회원가입도 새로 못하고 아이디, 비번도 못찾는건 무슨 경우인가요",1
Lala,20211119,같은 가게가 깃발을 여러개 꼽아서 그런진 모르겠지만 중복가게가 너무 많이 보여서 덕분에 가게리스트 가독성이 스팸광고마냥 매우 떨어짐. 동일가게는 1개만 보이게 필터링기능 추가안하는지? 똑같은가게가 3~5개씩 여러곳이 보이니깐 정상영업하는 가게 찾으려면 스크롤 엄청내려아되니 보기가 싫어질정도,1
레이몬드현식,20200913,"포장메뉴가 불편합니다. 전처럼 지도로 전체 표기되어있어야지 주소지가 아니여도 딴데 지나가다가도 포장하고이랬는데 주소지 근처 목록만 표시되니까 근처만 포장되고 너무답답하네요 목록과 전처럼 지도로 병기해주세요. 지금은 클릭하면 그집 지도만 보이고 답답하네요.. 거리를보고 포장하는건데 목록만되어있으면 일일이 클릭해서 거리쟤고 이런게 너무불편해요 직접가는건 동선거리,,한계가있는데요",1
Google 사용자,20181020,하다가 폰던졌습니다. 카드주문하려고 앱 2개나 깔았는데도 결제 안 됌. 등록하기?인가 그 버튼이 안 눌러져요!!!!!40분동안 결제하려고 다른폰으로도 해보고 카드도 바꿨는데 빡쳐서 현금결제합니다. 쿠폰 받으면 뭐해 쓰질 못하는데!!!!!!40분동안 뻘짓했다. 처음 결제시 4000원할인해준다길래 40분동안 고군분투했는데 결국 쿠폰도 못쓰고 날리네. 개빡쳐서 이번만 시키고 배민 삭제할거임. 배민 다신 안써; 아 다시생각해도 빡친다 배고파 디지겠네,1
연두유,20210321,최소주문금액 있지만 배달비를 내야하는 것으로 모자라서 금액에 따라 차등 배달비를 받고 가게 리스트 나오는 화면에는 제일 낮은 금액 표시하고... 그 제일 낮은 금액도 적은 금액은 아닌데 3만원 4만원 넘어가야 그 가격이지 2~3명 먹는 정도로는 그 두배까지도 내야하면 표시방법이 한참 잘못된거 아닌가요? 바뀔때마다 참고 쓰다가 결국 삭제하고 다른 곳 이용합니다,1
K K,20210109,"라이더 관리는 안되고 배달 시스템이 점점 붕괴되어가는 느낌이 강합니다. 날씨 문제도 있지만 점점 배송 시간은 늘어나 1시간이 기본이고 배달료는 점덤 더 올라가고 서비스 품질은 떨어지고, 거기에 대한 불만은 오롯이 리뷰로 남겨져 결국 소상공인들에게 전가되는 최초의 서비스를 잃어버린 배달의 민족 바이바이 입니다. 그냥 마트로 가겠습니다.",1
다춘,20210827,검색을 해서 가게를 골랐는데 알고보니 그 위치에 없는 가게였어요. 제 위치로 상관없이 그 위치 검색하면 그 장소로 넘어가게 해주세요...물론 이 위치에 그런 거 없다고 뜨긴했는데 우선 가게가 보이니까 그냥 생각없이 주문하게 되더라고요. 그 위치에 없으면 잘보이게 다른 색깔로 표시해주셨으면 좋겠네요.,4
Google 사용자,20190824,"아이디를 찾아 비밀번호 찾기를 했습니다. 이메일로든 핸드폰으로든 아무리 임시비밀번호를 받아도 계정정보가 일치하지 않는다며 로그인이 되지 않습니다. 복사 붙여넣기 해도 안되고, 직접 일일히 입력해도 안되네요. 임시비밀번호 이외의 것을 입력했을 때는 비밀번호가 일치하지 않는다고 뜨고요. 고객센터에서는 그래도 로그인이 안되면 방법이 없다는 답변 뿐이네요.",1
Google 사용자,20181020,"주문 리뷰 수정도 원활히 안되요. 1.수정할게 있어서 수정했는데도 안 되고, 2.방금까지 잘 뜨던 이모티콘이 수정한번 하니까 오류뜨는 것처럼 ?alfju 이런.. 딱 누가봐도 진짜 오류난 게 티가 난.. 그 후로도 다시 몇번을 이모티콘으로 수정을 해도 오류난게 안 바뀝니다. 저는 두 경우를 한번에 겪었구요. 삭제했다가 다시 쓸 수 있는 줄 알고 삭제하는데도 삭제 제대로 안되고, 그렇게 몇번을 시도했다 지워져서 어 이제 다시 써봐야겠다 하는데 리뷰 이미 작성했다고 안 써지더라구요. 다시 쓸 수 있게 좀 바꿔주시면 안될까요? 아니면 삭제하시면 다시 못 쓴다고 경고창을 좀 띄워주시던가.. 영 불편하네요. 저 같은 사람 어딘가에 있을 거 같은.. 제발 좀 부탁드려요~",3
Google 사용자,20200328,내비게이션 켜고 운전하는데 갑자기 내비화면 없어지고 우리동네미식가 평가하기 알림이 떴어요. 손으로 조작하기 전에는 없어지지도 않고요. 다른 앱 들은 알림이 와도 내비를 안 가리던데 이건 내비를 가려버려서 운전자를 피곤하게 하네요. 평가활성화도 좋지만  안전 이 훨씬 중요하지 않을까요?,3
튜유,20210921,고객문의 시 고객은 30분 넘게 상담원이 응답할 때까지 기다려야하지만 상담원은 6분 가량 대기 후 바로 상담 종료 처리 가능하네요. 응답내용 역시 정해진 답변을 복붙하는 수준이고요. 주문취소 역시 가게에서 임의로 처리해도 고객의 대응방안은 별도로 존재하지 않네요. 몇년간 이용했는데 다시는 이용하지 않을 것 같습니다. 다른 통신중개업소들과 서비스 품질 비교하고 개선해야 할 것 같네요.,1
Google 사용자,20190417,요기요는 늦어도 음식은 보내줬는데 여긴 4시간이 지나도 음식점에 전화를 해도 무소식이고 배민 고객센터에 전화해도 함흥차사고 진짜 답이 없네요. --답변후 추가내용-- 고객센터 전화로는 해결되지 않았고 음식점 주문이 어느정도 정리됐을때 전화해서 메뉴 알려주고 결국 7시간만에 음식받았네요. 주문이 천건이 넘었었다는데 배민이나 음식점의 사전준비가 미흡했던것 같습니다. 아직 이벤트가 3일 남았는데 경쟁사보다는 좋은 모습 보여주시길 응원하겠습니다.,1
Jay Song,20210925,큰 불만없이 이용중.. 입니다 예전엔 할인이벤트? 같은게 별로 없어서 배민은 참 Jonnnnest 영리기업^^ 이득충^^이구나 싶엇는데 혜택 잘 결합한 것들.. 머머 다양하게 있는거같구요 제안하고싶은건 검색한 리스트에서 (ex.키워드 보쌈) 식당 위치를 배달지 기준으로 지도에서 한눈에 볼 수 있다면 좋겠습니다 정비례는 아니더라도 대강 배달비 작게 나오고 빨리올/편히 포장받아갈 가까운집 선택할수도있고ㅡ 센스있게 옆에 평점도 조그맣게 같이 뜨면 선택에 더 유용하겠져?ㅡ 감사합니당,5
Istina이스티나,20201116,주소를 잘못 입력하고 주문해서 바로 취소했는데 취소도 안된다고 하고 매장에 전화도 안 받아서 배민상담자에게 부탁드렸더니 이미 음료가 나와서 취소접수불가하다고만 전달하네요.. 취소접수는 왜 안되나요? 배달접수를 받았으면 바로 전화도 받을 수 있었을텐데.. 별 1도 주기싫은데요,1
요시와포치,20210502,배달의 민족 대체로 잘 이용하고 있는데 한가지 꼭 건의드리고 싶어서 리뷰에 남깁니다. 저는 20대이니까 큰 상관이 없지만 시력이 좋지 않으신 부모님들께서 음식을 시키실 때 한 가지 불편함이 있었습니다. 포장주문이 아닌 배달로 음식을 받기 원할때는 우선 주소를 선택하고 매장을 선택한 뒤 음식을 선택하면 되잖습니까. 그런데 부모님께서 매장을 선택하는 과정 중에 같은 매장이라도 배달에 해당하는 것과 포장주문에 해당하는 것이 따로 나뉘어져 있는데 이 두 개를 구분하기가 쉽지 않았다고 합니다. 단순히 매장 옆에 아주 작은 하얀 글씨에 검은 타원형 버튼 모양으로 포장이라고 적혀있는데 평균 시력 이하이신 분들이 구별하기가 쉽지 않을 것 같더군요. 이 문제점을 개선해주셨으면 좋겠어요. 주소 선택 후 검색이 되면 포장주문 란과 배달 란을 아예 따로 구분해놓도록 하는 방식을 추가해주시는 등 배달의 민족 측에서 현재보다 더 나은 접근성을 위해 힘써주셨으면 좋겠습니다!,4
Google 사용자,20190324,"대체 주문불가지역이라고 취소될 가게들은 목록에 왜 뜨나요. 지역 세분화를 좀 더 하던지, 결제단계로 넘어가기 전에 주문불가 경고가 뜨도록 시스템 마련을 하던지 무슨 대책을 좀 세웠으면 좋겠네요. 점심 한 번 먹으려고 메뉴 고르고 결제하는 과정을 세 네 번씩 반복하게 만들지 말구요.",3
성현,20220122,"다 좋은데 걸어서 배달은 제한을 뒀으면 좋겠네요. 10분 거리만 가능이라던가, 보온 가방이 필수라던가 등으로요. 오토바이로 늦어도 5분 정도인 거리를 20분 걸어오면서 보온 가방도 없이 그냥 갖다주는 사람도 있더군요. 보온이 생명인 음식이 다 식는건 물론이고 부분적으로 얼은 부분이 생긴 채 왔습니다. 배달을 쉽게 생각하는 사람이 줄었으면 좋겠네요.",5
din k,20200617,"오늘 짜장면이나 먹어볼까하고 중식카테고리에 들어갔는데, 말그대로 중식인 업소가 울트라콜 광고라고 세개가 떠있습니다. 그 업소들 뭐파는지 아시나요? 오리머리구이 혓바닥요리 이런거 팝니다. 제겐 혐오음식입니다. 소름끼칩니다. 왜 제가 모르고살아도될 그런 음식에 노출되어 기분나빠야하나요? 그 업소들도 광고비를 냈으니 노출은 해야겠지만 업소만 고객인가요? 사용자도 고객입니다. 기술도 발전했는데 인공지능광고로 그런요리 좋아하는분들에게나 노출시키던지, 아니면 해당업소 필터,차단을 할수있게하던지. 뭐먹을까 고민하며 들어왔다가 입맛만 떨어지고.. 개선 필요하다생각합니다.",1
Google 사용자,20190426,어플 먹통이라 지우고 새로 깔았는데 업데이트를 하래요 근데 업데이트 버튼은 없고요 사진첨부가 되면 좋을텐데 어플 접속해서 장바구니에 음식 담고 주문하기 누르면 인터넷이 안된다면서 오류 나네요... 결제를 못해요 결제창이 아예 안떠서요 어제부터 갑자기 이러는데 왜이런가요 인터넷은 아무런 문제가 없고요 제가 네이버아이디로 이용중인데 그래서 그런지 뭔지 답변 부탁드려요 답답하네요..,3
Google 사용자,20200405,"로그인오류 네이버 페이스북 애플아이디 등 로그인 할 수 있는 방법을 늘려서 너무 좋아요 단, 사용하는 폰이 삼성 이기에 애플은 로그인은 시도를 못 해봤지만 네이버,페이스북 둘다 시도 해본결과 둘다 안되네요^^ 굳이 안되는 기능을 왜 만들었는지 잘 모르겠습니다 결국 네이버에 검색해서 전화 주문했네요",1
Google 사용자,20190811,"1차 주문결제 후 카드결제 인증은 확인이 되나 배민주문내역에 확인이 안되어 가게로 연락하니 주문들어온게 없다고 합니다. 이래저래 확인하던중 결제취소 후 환불 되었길래 일시오류라 생각하고 다시 2차 주문결제 하였으나, 역시나 주문내역에서 확인되지 않고, 결제취소 되지도 않고 고객센터는 연락이 안되네요.. 1:1문의 창도 활성화되지 않고.. 혹시나 여기 올려봅니다",4
Nyong Mi,20210616,배달탭의 이벤트를 옆으로 넘기면 아예 배달>포장으로 넘어가니 제대로 볼수가 없습니다. 모두보기를 눌러도 18개 다 보여주는것도 아니면서 뭐 이딴식으로 디자인&개발을 했는지 모르겠네요. 같은 포인트에서 같은 속도로 이벤트를 넘기다가도 갑자기 포장탭으로 넘어가는건 뭐 어떻게 만드셨길래 이럴까요? 피드백 바랍니다.,1
Google 사용자,20190312,지금 주소지로 배달을 받아 본 업소 수가 30개. 업데이트 후 검색되는 업소 13개. 이전 버전에서 거리 3km제한이랑 같은 목록이고 주문내역에서 다시주문하기로 확인한 결과 업데이트로 사라진 17개 업소 모두 배달지역에 포함되어 있거나 배달구역이 시내 전지역입니다. 다른 리뷰들을 보니 댓글이 전부 배달 가능한 가게가 모두 노출된다 배달권역에 포함되면 노출이 된다고 달려 있는데 그냥 거리 3km 고정에 검색거리 조절기능 삭제해놓고 둘러대는 느낌입니다.,1
이MJ,20210615,저번에도 남겼는데 메뉴검색말고도 리뷰에서도 그메뉴에대한 검색을 하고싶어요 궁금해서 리뷰를보는건데 그메뉴가 어디에 작성돼있는지모르니 계속글을 유심히 주의깊게봐야하는불편함이있어요 내가원하는메뉴를 메뉴에서검색할수있듯이 리뷰에서도 그메뉴가 어떻게구성되어나오는지와어떤맛인지 궁금하니 따로 리뷰메뉴검색할수있게해주시면감사해요 그리고 업뎃이 순차적으로된다던데 저는도대체 언제됩니까??? 이러다 다음 업뎃때나 되는건아닐런지요!!! 그리고 배민들어가서 총메뉴검색할때 왜 클릭하고 또 클릭해야 검색할수있게합니까??? 그거검색하려고 검색창눌렀음 바로검색할수있게 자판이보여지게 예전엔 됐는데 왜 더 불편하게바뀐거냐고요 갈수록 편리해져야지 갈수록 불편하게하는건 뭔지참~ 배달료 너무비쌉니다 타 앱과 너무차이나요 배민이 업계상위권인건 알겠고 서비스도 좋다는것도알지만 배달료가 웬만한 김밥보다비싸요 너무 이득만챙기려고 하지마세요 보기안좋습니다,1
찐텐,20210925,"내 지갑털이범 같으니라고. 배민 만나고 내 지갑이 멀쩡한 날이 없어요 증말! 개인적인 건의사항 있어서 리뷰씁니다. 가게 주인에게 보이지않는 맛메모할 수 있는 칸이 있으면 좋겠어용ㅎㅎ어떤 가게 어떤 음식이 맛있었고, 별로였고 어떻게 시키는게 나았고, 무슨 메뉴조합은 별로였고 이런식으로요! 맛있는 가게였는데 일부 메뉴는 별로였거나 할때 잊어버리고 또 시키고 실패하고.. 메모장에 쓰는것도 한계라ㅜㅜ실패없이 맛난 음식 먹고싶어용!ㅎㅎ",5
hyo eun,20201230,"찜한 가게 목록을 배달지역에 따라 골라서 볼 수 있었으면 좋겠어요. 배달지역을 회사로 선택했을 땐 회사 근처의 찜한 가게만 볼 수있고, 집으로 선택했을 땐 집 주소지의 찜한 가게만 볼 수 있게요. 찜한 가게 목록이 많아지니까 골라 보는것도 번거로워져서, 해당 지역만 볼 수 있거나 아니면  준비중  처럼 메인이미지에  배달불가지역  이라고만 표기가 되어도 훨씬 편리할 것 같네요",4
-ᄉ-,20200830,첫째로는 너무 보기가 난잡하다.뭔가 원하는 것을 딱딱 찾기가 힘들다. 그리고 검색칸은 맨 위에다가 두면 좋겠다. 둘째로는 같은 식당이 여러개가 한 번에 떠서 다른 곳은 찾기가 많이 힘들다. 마지막으로는 아래로 내렸을 때 보이는 이거 어때요??하면서 추천하는게 있는데 거기에 별점과 리뷰 개수 등을 바로 보이게 해주면 좋겠다. 물론 리뷰가 좋으니 추천하는 거 겠지만 리뷰수가 적어서 신뢰하기 힘든 점이 있다....굳이 다른 어플 놔두고 배민 쓸 이유가 없을 것 같다,1
Eun Mi Han,20220315,배달료를 결제했는데 (또는 무료) 대놓고 문자로 추가 배달료 발생이라며 금액과 계좌번호를 보냄. 또 현장에서도 직접 받아감. 전부 부모님댁으로 보내드릴 때 마다 생긴 일이라 계속 가만 있었는데 한두번도 아니고...이런 일이 발생하는건 문제가 있다고 봄. 이런것도 관리 좀 하셔야 할 것 같아요.,3
이재준,20220206,잘쓰고는 있지만 1가지 추가해주셨으면 있는게 장바구니에서 선택한 메뉴에 추가하는것을 수정할수 있으면 좋겠어요 잘못 눌렀을때 굳이 메뉴 취소해서 다시 찾아서 추가하는것보다는 한번에 장바구니에서 바꾸면 편할것 같아요 특히 추가 선택지 많은 가게에서는 더욱 편할것 같고요 솔직히 생겨서 안좋을건 없는 기능같습니다,5
Google 사용자,20190419,"요기요 보다 혜택도 적고, 쿠폰도 적고.. 음식집 중류도 적어요.. 식당마다 배달료가 포함돼 있는 곳도 있고, 선택해야하는 곳도 있고.. 아무래도 현찰 남기려고 하는 사장들 때문인 것 같네요.. 몇천원 더 남겨서 떼먹으려는 사장들... 국세청에... 확... 그리고 가게별로 장바구니에 보관할 순 없나요?? 처음 가게 상품을 장바구니에 넣었다가, 다른 가게 제품을 장바구니에 넣었더니 이전 제품이 사라지더라고요..",3
Google 사용자,20190601,아주편리하고 많이사용들하시니 정말좋습니다 다만 한가지 건의하자면 리뷰를 쓸때 어차피 바로결제한사람들만 작성이 가능하니 어떤음식을 시켰는지 주문내역이 닉네임밑에 적혀있으면좋겠습니다 고객분들께서 사진은 많이들올리시지만 맛있다고하는데 정작 그음식메뉴이름을 모를때가 있습니다 주문내역이 리뷰에 함께표시된다면 정말좋을거같습니다,5
박다온,20210814,"배달이 예정된 시간보다 먼저 오는게 무조건 좋은 것은 아닙니다. 갈수록 50, 60분 등 긴 시간을 찍어놓고 20, 30분 만에 오는 가게들이 늘어나네요.. (예정 시간보다 몇분 일찍 배달됐다고 자랑하듯 오는 알림때문인지는 모르겠습니다만) 50분 배달 예상 시간에 맞춰 귀가 중이었는데 15분만에 오셔놓고는 왜 집에 없냐고 짜증내는 배달 기사님 때문에 별점을 낮게 드렸습니다. 이 부분이 조금 개선 되었으면 하네요..",1
하에,20211030,배달의 민족을 잘 이용하고있습니다! 모두 친절하구요! 그런데 예전에는 리뷰를 올리면 사장님이 답글을 달기 전이나 3일 전까지 수정과 삭제 후 재업로드가 됐던 것으로 기억하는데 안되는 걸로 바뀐 것 같네요! 사장님이 답글을 달기 전까지 재업로드를 가능하게 해주실 수 있나요?  사장님만 보이게 에 체크를 안한 것 같아서 수정에 들어갔지만 뜨지 않아서 삭제 후 다시 적으려 했더니 절대 삭제 후 적을 수 없다고 하네요.,4
Google 사용자,20190107,언제나 편하게 잘 사용하고 있습니다! 배달 어플들 중에 가장 접근성이 좋다는 생각이 듭니다. * * * * 장승배기 하이꼬꼬 치킨 맛있습니다! 만나서 결제는 리뷰 작성이 안돼서 여기에라도 적어봅니다! 언제나 배민 어플로 잘 시켜먹고 있습니다 :),5
Google 사용자,20190615,상호만다를뿐 같은 음식집인거가튼 곳이 있어요 추측이지만... 메뉴마다상호만다른 야식배달업체들가튼곳.. 음식의 질이 낮은데 리뷰만으로도 걸러내는게 쉽지않더라구요 업체소개가 더 잘되있어야할듯요 매장전경사진과 주방및 메뉴판사진추가 매장위치소개등요,4
Google 사용자,20190410,전에는 안그러다가 어느순간부터 하나카드 공인인증서로 결제할때 하나카드 어플 설치후 공인인증서 로그인을 하라고 뜨네요 로그인을 해도 화면은 그대로이고 당연히 예전부터 하나카드 어플은 깔려있었구요 어플 문제인가 싶어 하나카드와 배민 어플까지 삭제했다가 재설치 해도 똑같은 현상이고 하나카드의 문제인가 싶어서 타사 배달 어플을 똑같은 결제 방식으로 사용해봤는데 결제가 됩니다 버그인지 뭔지 해결좀 해주세요ㅡㅡ,1
Il Ii,20220511,"정말 다 좋은데.. 비마트 배달을 시키면 굳이 개별포장이 필요 없는 거 까지 보냉팩에 에어캡봉투들까지,, 일회용쓰레기들이 너무 넘쳐나요.. 배달로 인한 일회용품 줄이겠다고 나무젓가락 선택으로 바꾸면 뭐하나요ㅜ 비마트에서 몇 배의 일회용품이 오는데.. 음식 상한 거 걱정해서 그런 거 같은데 30분만에 안 상하니까 일회용품 줄이시고, 각종 야채 질에 더 신경쓰셨으면 좋겠어요. 바나나, 감자 같은 경우는 후기 반은 다 썪은 거 받으셨길래 시켜보지도 못했어요",4
Google 사용자,20191231,취소는 되게 만들어놔야지 이사람들아. B마트 한번 써볼래다가 너무 멀리서 출발하길래 취소하려는데 30분째 취소가 안된다. 추운 겨울에 니네가 배달하는거 아니잖냐. 자본주의면 다냐. 왜 구의 끝에서 끝으로 음료를 시키게 만들어놓고 취소전화는 40분째 연결이 안되는거냐. 이 추위에 내가 싸이코패스도 아니고.,1
김정제,20210114,"결제 버튼을 눌렀는데 주문 완료 화면이 뜨지 않고, 결제 전화면(주문 화면)이 뜨길래 다시 결제했습니다. 배달을 받아 식사 중에 같은 식당에서 또 배달이 왔다고 해서 시킨 적 없다고 다시 돌려보냈어요. 이상하다 싶어서 결제 내역을 보니 이중결제더군요. 고객센터에 문의하니 가게에 환불 요청을 했더라고요. 가게는 당연히 환불할 리가 없죠. 결제 오류로 피해를 본 사람은 저와 가게, 배달기사님인걸요. 앱 오류로 인한 문제이니 환불 요청드렸으나 절대 그럴일 없다고 자신만만하시던데, 그럼 저는 그럴 일이 있어서 음식값은 두배로내고 한끼만 먹었을까요? 본인들의 오류는 확인하지 않고, 협력체에 환불 요구하는 배달의 민족 실망했습니다 공감 능력 없고, 자만한 태도에 질려 배민 떠납니다. 최근 만든 배민 현대카드도 취소 예정이에요. 오류를 이용하여 결제대금 강탈하는 배달앱.",1
에디링,20220304,"A동네에서 거주중인데 어플에선 B동네로 잡혀서 실질적으로 가까운 매장 배달비는 먼 거리로 잡혀 배달비를 기본 두배에서 열배까지 내고 있었고요, 실질적으로 거리는 먼데 구역상 가까워서 노출된 매장에서 주문할때는 항상 사장님들께서 추가배달요금 전화가 와서 추가금을 내고 있었어요. 어딘가 이상하다고 생각했는데 양심적인 사장님께서 주소 잘못 잡혀서 배달비가 이상하게 많이 나왔다고 말씀주셔서 알았습니다. 이제까지 이런식으로 배달비 몇배나 많이 내고 있었다는게 너무 충격적이구요. 빠른 개선 부탁드립니다.",1
꿀꿀꿀,20220930,특정 가게 차단 기능은 없나요? 한번 시켰다가 맛 없어서 다시 안시켜야지 하고 생각했다가 시간 지나고 잊어버려서 다시 주문하고 또 다시 맛 없어서 후회한 가게들이 몇 있었는데 특정가게 차단 기능도 있었으면 좋겠네요,5
두부,20220205,"오랫동안 개선됐으면 좋겠다 생각해온것들인데 시간이 지나도 개선이 안되어 리뷰 남깁니다. 봐주시고 개선 좀 부탁드려요 기능 없는거 아니까 다른 리뷰들 답변처럼 아쉽게도~ 그런 기능은 마련되어있지 않습니다 같은 말씀은 하지말아주세요 1. 배민1은 왜 전화를 걸수있는 버튼이 없나요? 배달오류시 연락하려면 너무 짜증나요 올해에만 배달오류(메뉴누락 등)가 3번인가 있어서 매장에 전화를 걸어야했는데 아무리 찾아도 연락처가 안보여서 네이버 검색했네요 2. 찜한 매장들을 최근 주문순 혹은 음식종류에 따라 정리가 되게끔 했으면 좋겠습니다 예전에 시켜먹은 곳이 어디더라 하고 찾아보려면 한참 걸립니다 3. 리뷰관리에서 특정 매장 검색이 되게끔 하거나, 아니면 매장 리뷰칸에서 내가쓴 리뷰보기 이런게 있으면 좋겠어요 예전에 시켜먹은 식당 맛이 어땠었는지 기억이 안날때 내가 쓴 리뷰 좀 다시 볼 수 있게요 4. 주문시 라이더 요청사항에 나만의 문장을 저장할수있는 기능이 있으면 좋겠습니다",2
아지의세상살이,20210615,업데이트 왜한거임? 배달메뉴가 메인인데 배달시키려고 들어가면 전보다 한번 더 터치해야되는데 대체 누구 머리에서 나온 아이디어인가요? 직관성이 너무 떨어지네요. 다른거 광고하고 장사하려고 하다 기존 사용자들을 잃어버리네..,1
방준호,20210812,왜 매장과 전화연결을 못하게끔 바뀌었죠?? 주문 잘못들어가서 바로 전화해서 수정하려했는데 결국 못찾아서 매장주소 지도검색해서 찾았습니다....이미 주문은 다 들어간 상태고...채팅상담같은 바로 연결도 못하는 쓸모없는거 말고...전화연결이나 다시 롤백해줘요..,2
Google 사용자,20200205,"어플 정말 잘 쓰고 있고, 쿠폰도 있고 요청사항도 가게랑 배달 관련으로 2개로 나뉘어서 정말 좋아요 그런데 딱 한가지 아쉬운 점은 위치를 설정 해놨음에도 배달 불가 지역이라고 뜨는 가게가 있는 거예요 그리고 하나 바라는게 있다면 한 가게에서 특정 메뉴의 리뷰를 검색 또는 조회 해서 볼 수 있으면 좋겠어요 그래도 이게 앱 사용이나 평가를 줄 정도는 아니라 진심으로 잘 쓰고 있습니다:)",5
최용진,20210828,어플 켜서 위치설정할때 현위치로 주소설정 누르면 상단에서 연결상태가 일시적으로 불안정하다며 위치가 잡히지 않습니다 타 어플의경우 잘잡힙니다. 휴대폰 기기변경한 이후로 이와같은 증상이 계속 발생하네요,1
장유정,20210624,"좋아요! 한가지 요청 사항이 있어요. 불편한것이 있어 개선점이 필요해요. 가족 계정을 회사원들과 랜선 회식으로 많이 씁니다. 그런데 이게 집 주소를 어쩔수없이 오픈해야해서 불편해요ㅠㅜ 알려주기싫을 때도 있는데요, 주소 비공개를 선택사항으로 만들어줬으면 좋겠습니다. 대표자가 결제할 때 더보기 눌렀을때 그냥 주소는 공란으로 보였으면 해요. 가족계정을 꼭 가족이 쓰는게 아니라는것도 코로나 시대에 랜선회식때 이용 많이 한다는걸 알아주셨으면 합니다. 마찬가지로 메뉴비공개도 가능하면 좋겠네요~ 가게명까지는 보여도... 감사합니다!",4
옐!,20210812,"진짜 열받네요. 배민1 쿠폰쓰려다 쓰지도못하고 제 시간만 썼네요. 앱 업데이트도 시키고, 두번 재설치도 해보고, 아이패드로도 설치해보고, 소프트웨어까지 업데이트 시켰는데 배민1 창은 뜨지도 않네요. 핸드폰은 가장 최신폰인데 도대체 어디쪽이 문제인지... 무슨 쿠폰 주고 고객들 시간 잡아먹으려고하는건지.. 직원한테 전화까지했는데 직원도 아무대처를 못하네요.",1
Google 사용자,20190825,전체 메뉴검색좀 만들어 주세요 매장말고 메!!뉴!! 일일이 들어가서 찾기 힘들어요 왜 이런 기본적인게 없지.. 신기할따름 중복매장도 많아 더 힘들어요 주문취소도 예상시간 너무 길게잡혀 바로 취소하려해도 매장에서 전화안받음 백날천날 기다리거나 배민으로 연락하는거 너무 불편해요 타어플은 30초 시간이라도 주는데 타어플보다 등록업체가 많아 사용하네요,3
Endy Jeong,20220331,블루투스 키보드 연결해서 리뷰를 작성할때 백스페이스로 지우면 포커스가 어디로 가는지 한글자만 지워지고 더이상 타이핑이 안됩니다. 다시 손으로 화면 찍고 써야 되네요. 이거 엄청 불편하네요. 리뷰쓰기 겁나 불편해요. 다른 앱들은 이런거 없는데 배민앱만 이러네요.,3
